n,target_r2,sample_r2,learner,replication,theta_hat,se,ci_lower,ci_upper,ci_length,kappa_star,bias,coverage,nuisance_mse_m,nuisance_mse_l,rmse_m,rmse_l
500,0.75,0.7660826100547796,Oracle,0,0.9663148014681606,0.22979253986082682,0.51592142334094,1.416708179595381,0.900786756254441,3.940145761534492,-0.03368519853183938,1,0.0,0.0,0.0,0.0
500,0.75,0.7283682567822484,Oracle,1,1.1581089809613743,0.2527386652923334,0.6627411969884007,1.6534767649343478,0.9907355679459471,3.6758339991262328,0.15810898096137427,1,0.0,0.0,0.0,0.0
500,0.75,0.6731766854447226,Oracle,2,0.972493042152843,0.24409604459517822,0.4940647947462937,1.4509212895593924,0.9568564948130986,4.010105097805854,-0.027506957847156954,1,0.0,0.0,0.0,0.0
500,0.75,0.7256797868119225,Oracle,3,1.6483932375598653,0.25306598637112016,1.1523839042724697,2.144402570847261,0.9920186665747912,4.079688188567668,0.6483932375598653,0,0.0,0.0,0.0,0.0
500,0.75,0.7663997608070425,Oracle,4,0.9871201349605004,0.26340965175025843,0.47083721752999397,1.503403052391007,1.032565834861013,3.353879607836024,-0.01287986503949956,1,0.0,0.0,0.0,0.0
500,0.75,0.7648560785160929,OLS,0,1.2338368281750525,0.19610830235550394,0.8494645555582647,1.6182091007918402,0.7687445452335755,1.1941909113154419,0.23383682817505247,1,0.07229300480439477,1.4371211377531714,0.2688735851741386,1.1987998739377526
500,0.75,0.7725159020887076,OLS,1,0.9409150167443157,0.21627609766419115,0.517013865322501,1.3648161681661302,0.8478023028436291,1.3446558218275906,-0.05908498325568434,1,0.0765448121165798,1.4540964002457903,0.27666733113358327,1.2058591958623488
500,0.75,0.7563691775418667,OLS,2,1.0711159003145485,0.24158982708682922,0.5975998392243633,1.5446319614047337,0.9470321221803704,1.1848311130253486,0.07111590031454851,1,0.07887087245555786,1.6523602053011819,0.28083958491558464,1.285441638232239
500,0.75,0.7622912805389652,OLS,3,1.3167377305212,0.2284877525171,0.868901735587684,1.764573725454716,0.895671989867032,1.2604159623474527,0.3167377305212,1,0.06759909325918213,1.4873435820685357,0.2599982562618106,1.219566964979183
500,0.75,0.7647328779075739,OLS,4,1.2654569675719483,0.24649431144011824,0.7823281171493165,1.74858581799458,0.9662577008452634,1.2749963219724105,0.26545696757194825,1,0.07443410375587602,1.9552179167635055,0.2728261419950002,1.398291070115055
500,0.75,0.7340804777518665,Lasso,0,1.4559933848528246,0.2205888962888182,1.0236391481267408,1.8883476215789083,0.8647084734521675,1.353484849634147,0.4559933848528246,0,0.06951056836847291,1.6606212740359454,0.26364856982064766,1.2886509512028248
500,0.75,0.7391727987939312,Lasso,1,1.326707535802362,0.21870813219970056,0.8980395966909488,1.7553754749137749,0.8573358782228261,1.3247019453844155,0.3267075358023619,1,0.07198306622753568,1.4991340449410135,0.2682966012224823,1.2243912956816598
500,0.75,0.7904243894749864,Lasso,2,0.969454507753832,0.23536026121387693,0.5081483957746332,1.430760619733031,0.9226122239583977,1.1463625023661619,-0.030545492246167982,1,0.0673627684570101,1.5108712056681097,0.2595433845371716,1.2291750101869585
500,0.75,0.7784703104640488,Lasso,3,1.5250673223796014,0.23614668319319532,1.0622198233209386,1.9879148214382643,0.9256949981173257,1.2047496389761958,0.5250673223796014,0,0.07893112990513149,1.7257797033668978,0.28094684533756825,1.3136893481211218
500,0.75,0.69480178261497,Lasso,4,1.253804156704183,0.2174795019562963,0.8275443328698424,1.6800639805385238,0.8525196476686814,1.2417885412991336,0.2538041567041831,1,0.07276120207486428,1.431029454764927,0.2697428443441351,1.1962564335312589
500,0.75,0.7577088256124795,RF_Tuned,0,0.705535158453379,0.18508599066325618,0.34276661675339687,1.068303700153361,0.7255370833999641,1.8237932531723282,-0.294464841546621,1,0.042943756748244584,0.4667262047398131,0.2072287546366203,0.6831736270815884
500,0.75,0.7435631105136926,RF_Tuned,1,0.2722341378797049,0.1999374948163717,-0.11964335196038367,0.6641116277197935,0.7837549796801772,1.8920660591396432,-0.7277658621202951,0,0.037906324560742194,0.4582393925075488,0.194695466204897,0.6769338169330505
500,0.75,0.7213698576624572,RF_Tuned,2,0.7036334677851106,0.18134269948542026,0.3482017767936869,1.0590651587765343,0.7108633819828474,1.6986909709709597,-0.2963665322148894,1,0.04663363852499542,0.5667932051398884,0.215948231122636,0.7528566962841523
500,0.75,0.7007910788991324,RF_Tuned,3,0.8510688706436715,0.18250107956549189,0.49336675469530744,1.2087709865920355,0.7154042318967281,1.7973778662703084,-0.14893112935632846,1,0.0398683327824743,0.540608336886258,0.1996705606304402,0.7352607271480356
500,0.75,0.7256988398387111,RF_Tuned,4,0.7426382580640923,0.18293571084431434,0.38408426480923624,1.1011922513189485,0.7171079865097123,1.7933060512900276,-0.25736174193590766,1,0.04170528642653133,0.5914402674252399,0.20421872202746577,0.7690515375611962
500,0.75,0.7142519603903683,MLP,0,0.7195054906462719,0.20456292415405847,0.3185621593043173,1.1204488219882265,0.8018866626839092,1.596079535772668,-0.2804945093537281,1,0.0500588216083329,0.6425161432711135,0.22373828820372454,0.8015710469266674
500,0.75,0.7512951637505222,MLP,1,1.0582947520505464,0.17797256691790206,0.7094685208914584,1.4071209832096343,0.6976524623181759,1.4275322328582654,0.05829475205054635,1,0.05704805680608319,0.5349089066393795,0.23884735042717806,0.731374669126146
500,0.75,0.7483701286532539,MLP,2,1.0758506930029388,0.17121764309591925,0.7402641125349371,1.4114372734709404,0.6711731609360033,1.2981695101401047,0.07585069300293878,1,0.06983573488751672,0.4776636111267259,0.26426451689077884,0.6911321227715623
500,0.75,0.7319758207424979,MLP,3,1.0016289176599926,0.21452338702372364,0.5811630790934943,1.422094756226491,0.8409316771329967,1.3401540882343663,0.0016289176599926236,1,0.058429906224773,1.045975111240129,0.2417227879716205,1.0227292463013509
500,0.75,0.7950706424656867,MLP,4,0.8506267657429937,0.1871631055462813,0.48378707887228234,1.2174664526137051,0.7336793737414228,1.7287261415124628,-0.14937323425700633,1,0.054890844909656664,0.40587516488521735,0.23428795297594082,0.6370833264850191
500,0.9,0.8667712850118333,Oracle,0,1.392139911839711,0.4190722517286748,0.5707582984515085,2.2135215252279137,1.6427632267764052,10.391570984063238,0.3921399118397111,1,0.0,0.0,0.0,0.0
500,0.9,0.8540284290209236,Oracle,1,1.0239432975840483,0.38365600502269165,0.27197752773957273,1.775909067428524,1.5039315396889514,9.701220782901181,0.02394329758404834,1,0.0,0.0,0.0,0.0
500,0.9,0.8961097922638656,Oracle,2,0.9327122630638202,0.4135152890757775,0.12222229647529625,1.743202229652344,1.6209799331770478,9.654738692896832,-0.06728773693617984,1,0.0,0.0,0.0,0.0
500,0.9,0.9094171994388088,Oracle,3,1.5685895763850168,0.45483677660824573,0.6771094942328553,2.4600696585371784,1.7829601643043231,10.933012802693055,0.5685895763850168,1,0.0,0.0,0.0,0.0
500,0.9,0.9316472946917104,Oracle,4,0.6699112646112798,0.45301170957928816,-0.217991686164125,1.5578142153866845,1.7758059015508096,11.266777028176095,-0.3300887353887202,1,0.0,0.0,0.0,0.0
500,0.9,0.8889994762549959,OLS,0,1.3111819170222974,0.24721789981900003,0.8266348333770573,1.7957290006675373,0.9690941672904799,1.2581561246113095,0.31118191702229736,1,0.06741880351014656,1.2670446728627702,0.25965131139693204,1.1256307888747403
500,0.9,0.9259003723581262,OLS,1,2.0416326270604204,0.23923630007771599,1.572729478908097,2.5105357752127437,0.9378062963046467,1.266510252762636,1.0416326270604204,0,0.06835957929118897,1.581374373542732,0.2614566489710846,1.2575270866039951
500,0.9,0.9006051419674008,OLS,2,1.395023752430695,0.23326368131595385,0.9378269370514254,1.8522205678099646,0.9143936307585392,1.2810232754287514,0.395023752430695,1,0.07028506125758086,1.381410858527291,0.265113298907431,1.17533436031084
500,0.9,0.8447062894671059,OLS,3,1.3519799698646247,0.2388876099277456,0.8837602544062433,1.820199685323006,0.9364394309167627,1.3825837323826196,0.35197996986462465,1,0.06768711204071172,1.3495960788276018,0.26016746922071504,1.1617211708614084
500,0.9,0.9183545539175938,OLS,4,1.6802054644169715,0.3196437324281492,1.053703748857799,2.306707179976144,1.2530034311183451,1.4228745532863012,0.6802054644169715,0,0.06412410326350072,1.873265008972622,0.2532273746329585,1.3686727179909088
500,0.9,0.9191299432815002,Lasso,0,1.7967048040127969,0.2451609419179375,1.3161893578536394,2.2772202501719545,0.9610308923183151,1.2425574590169572,0.7967048040127969,0,0.0702223522159034,1.4235533566085918,0.26499500413385796,1.1931275525309906
500,0.9,0.9056629495306696,Lasso,1,1.8686740876344392,0.30142334276734684,1.2778843358104393,2.459463839458439,1.181579503648,1.3349414135602973,0.8686740876344392,0,0.06737606375844467,2.095111403150628,0.25956899614253753,1.4474499656812418
500,0.9,0.9384943092148516,Lasso,2,1.4266721108313478,0.3157548073770261,0.8077926883723767,2.045551533290319,1.2377588449179424,1.4079636823164983,0.4266721108313478,1,0.07595020772866118,1.6095076075257462,0.275590652469675,1.2686637093910058
500,0.9,0.9071816935409124,Lasso,3,1.6812290387560873,0.2380130092900868,1.2147235405475172,2.1477345369646574,0.9330109964171402,1.3311648639580642,0.6812290387560873,0,0.07828856729859097,1.5998527943279246,0.2798009422760956,1.2648528745778793
500,0.9,0.8800323212440583,Lasso,4,1.157479592939982,0.23991238182365085,0.6872513245656262,1.6277078613143376,0.9404565367487114,1.3751784366545168,0.15747959293998193,1,0.06778985674423373,1.596339393637478,0.2603648531277479,1.2634632537741166
500,0.9,0.9155153730704367,RF_Tuned,0,0.6978754698721953,0.22588485698158192,0.25514115018829475,1.1406097895560958,0.8854686393678011,2.1949067270395255,-0.3021245301278047,1,0.04714740144225801,0.614939981924174,0.21713452383777668,0.7841810900067496
500,0.9,0.8634510118684892,RF_Tuned,1,0.7543733665868527,0.2548259307944393,0.25491454222975163,1.2538321909439538,0.9989176487142022,2.2447500951609927,-0.24562663341314728,1,0.04066200845709852,0.6654281321243346,0.20164822949160383,0.8157377839258977
500,0.9,0.9056430325204936,RF_Tuned,2,0.8496216302790506,0.2501004989875096,0.3594246522635318,1.3398186082945693,0.9803939560310375,2.0599891062462645,-0.15037836972094942,1,0.04439715520390297,0.7533379915721643,0.21070632454651894,0.8679504545607222
500,0.9,0.8968001132914406,RF_Tuned,3,0.9941054762911602,0.2604572704795013,0.4836092261513377,1.5046017264309826,1.020992500279645,2.182434559892899,-0.005894523708839805,1,0.04254996780314778,0.7952255896980598,0.20627643540440527,0.891754220454302
500,0.9,0.8975175671206993,RF_Tuned,4,1.0455281521756445,0.28186942305037116,0.49306408299691706,1.597992221354372,1.104928138357455,2.519004387938399,0.04552815217564454,1,0.03905248006961522,0.7816447490580689,0.197617003493159,0.8841067520713033
500,0.9,0.9162969221794077,MLP,0,0.5448076626506347,0.2555247937692848,0.04397906686283659,1.0456362584384329,1.0016571915755963,1.5227772981676542,-0.45519233734936526,1,0.05902575901134899,0.9460694757596583,0.24295217432932967,0.9726610281900155
500,0.9,0.9386966870112321,MLP,1,0.8427641112103081,0.24111426627789118,0.37018014930564147,1.3153480731149747,0.9451679238093332,2.082997845886962,-0.15723588878969186,1,0.03857546026547572,0.6261386190407261,0.19640636513482887,0.7912892132720666
500,0.9,0.9051058699812596,MLP,2,0.41474330075243443,0.25486501342519047,-0.0847921255609389,0.9142787270658077,0.9990708526267467,1.6018551700176091,-0.5852566992475656,0,0.05844987676900073,0.8808361403086904,0.24176409321692238,0.9385287104338846
500,0.9,0.9164408882209693,MLP,3,0.785665471080754,0.22599913407013855,0.34270716830328246,1.2286237738582255,0.885916605554943,1.8382307460244158,-0.21433452891924598,1,0.04891632949271085,0.4469433317035441,0.22117036305235577,0.6685382051188579
500,0.9,0.8737041061064755,MLP,4,1.1723332161964413,0.20982125095583543,0.7610835643230038,1.5835828680698787,0.8224993037468749,1.6674393284108513,0.17233321619644126,1,0.05547838599308551,0.5141875455754336,0.23553850214579677,0.7170687174709504
500,0.95,0.9364174210353778,Oracle,0,1.0438166939240388,0.5868281615598112,-0.10636650273319126,2.193999890581269,2.3003663933144605,18.976588312629037,0.04381669392403875,1,0.0,0.0,0.0,0.0
500,0.95,0.9394804609045745,Oracle,1,1.5072516396835935,0.643224604811996,0.24653141425208158,2.7679718651151055,2.521440450863024,22.445269353559283,0.5072516396835935,1,0.0,0.0,0.0,0.0
500,0.95,0.9430899068991925,Oracle,2,0.49271203445966677,0.5768156028046428,-0.6378465470374333,1.6232706159567667,2.2611171629942,19.016753927762004,-0.5072879655403333,1,0.0,0.0,0.0,0.0
500,0.95,0.9694252589818169,Oracle,3,1.2034388679725447,0.6201447812939734,-0.012044903363643167,2.4189226393087324,2.4309675426723754,19.206063599650673,0.20343886797254473,1,0.0,0.0,0.0,0.0
500,0.95,0.939207738229338,Oracle,4,0.9130847092394472,0.618913379575808,-0.2999855147291366,2.126154933208031,2.4261404479371675,17.85421506749156,-0.08691529076055282,1,0.0,0.0,0.0,0.0
500,0.95,0.9370210193880875,OLS,0,1.4942831206669096,0.255671254434606,0.9931674619750819,1.9953987793587373,1.0022313173836555,1.2919762585906815,0.4942831206669096,1,0.07241573471946773,1.4453158937203066,0.2691017181652093,1.202212915302571
500,0.95,0.9331768119760253,OLS,1,1.4182698784706695,0.255656947178447,0.9171822620009135,1.9193574949404257,1.0021752329395124,1.4825208813574475,0.41826987847066954,1,0.06500908080657926,1.2804305853628994,0.25496878398458755,1.1315611275414597
500,0.95,0.948918248219177,OLS,2,0.9513119137043906,0.2753390068090359,0.4116474603586803,1.4909763670501008,1.0793289066914205,1.3671547870987175,-0.04868808629560939,1,0.07274429451644183,1.493852581103807,0.2697115023806768,1.2222326215184272
500,0.95,0.9470315531710146,OLS,3,0.8880882315883841,0.25024596286255585,0.3976061443777747,1.3785703187989935,0.9809641744212187,1.4255595933773988,-0.11191176841161588,1,0.07296054123124508,1.3263068966710017,0.2701120901241651,1.1516539830482946
500,0.95,0.9298021970355392,OLS,4,2.06288590271836,0.3017600672434508,1.4714361709211965,2.654335634515524,1.1828994635943273,1.3576770047604865,1.0628859027183601,0,0.06757452757252844,2.217297818411721,0.25995100994712145,1.4890593737026476
500,0.95,0.9492438338293725,Lasso,0,1.2884841619115637,0.2779319117629464,0.7437376148561887,1.8332307089669386,1.08949309411075,1.3866616487271122,0.2884841619115637,1,0.06961994476915365,1.7649943387807498,0.26385591668399944,1.3285308949289625
500,0.95,0.9274565459871821,Lasso,1,1.6232088815430536,0.2624686131135597,1.1087703998404765,2.1376473632456308,1.0288769634051542,1.3340943256271653,0.6232088815430536,0,0.0650600518380162,1.4274106676216969,0.2550687198345109,1.194742929513164
500,0.95,0.9664765217707683,Lasso,2,1.3203993897637558,0.2764831994112256,0.7784923189177536,1.8623064606097581,1.0838141416920046,1.3653743126801297,0.3203993897637558,1,0.06754437534009977,1.7786260999660575,0.25989300748596483,1.333651416212669
500,0.95,0.9684927651409253,Lasso,3,1.3305344454904908,0.2548587135741652,0.8310113668851271,1.8300575240958545,0.9990461572107274,1.2890824758563584,0.3305344454904908,1,0.07745353041419392,1.4873507410233962,0.2783047437867237,1.2195699000153275
500,0.95,0.9188039569171369,Lasso,4,1.6424981895531674,0.25163688380587007,1.149289897293662,2.1357064818126728,0.9864165845190107,1.3899750417171055,0.6424981895531674,0,0.07255038937384384,1.599922885462416,0.26935179482202054,1.2648805815026238
500,0.95,0.9121763791071176,RF_Tuned,0,0.21478489022431635,0.29335727092560293,-0.36019536078986536,0.7897651412384981,1.1499605020283634,2.4420765545398364,-0.7852151097756837,0,0.03759359665237373,0.5221096028944187,0.19389068222164194,0.7225715209544441
500,0.95,0.9497576703949923,RF_Tuned,1,0.29874705829260645,0.3010467380170447,-0.29130454822080115,0.888798664806014,1.1801032130268152,2.80337294202753,-0.7012529417073936,0,0.03416692961070878,0.5101878972803539,0.18484298637143035,0.7142743851492603
500,0.95,0.9489267800534993,RF_Tuned,2,0.5901228731951834,0.3230259555885669,-0.04300799975840763,1.2232537461487745,1.266261745907182,2.439212932006592,-0.4098771268048166,1,0.03937964095159903,0.5115739534579565,0.198443042084118,0.715243981769827
500,0.95,0.9886527703585695,RF_Tuned,3,0.5205345261067932,0.24406432584471116,0.04216844745115933,0.998900604762427,0.9567321573112677,2.077056238831948,-0.4794654738932068,0,0.04666530187726694,0.6598445373537991,0.21602153105018707,0.8123081541839889
500,0.95,0.9446045205930266,RF_Tuned,4,0.52807474712178,0.23439214945860598,0.06866613418291234,0.9874833600606477,0.9188172258777354,2.2924395376220064,-0.47192525287821996,0,0.0401856790511902,0.5024699630389087,0.2004636601760783,0.7088511571824572
500,0.95,0.9677024632167199,MLP,0,1.2309179208889436,0.2812560806929424,0.6796560027307765,1.7821798390471106,1.102523836316334,2.338149290293594,0.23091792088894358,1,0.04416661590886975,0.7573595135749437,0.2101585494546195,0.8702640481916645
500,0.95,0.9396677244951126,MLP,1,1.0523808618446244,0.23405857363182886,0.5936260575262399,1.511135666163009,0.9175096086367692,2.0702812111952853,0.05238086184462443,1,0.04644959874986716,0.3993660630597452,0.21552168974343897,0.6319541621508202
500,0.95,0.9606796477472844,MLP,2,1.0915195305527545,0.26491225392053175,0.5722915128685123,1.6107475482369966,1.0384560353684842,2.0551298165968794,0.09151953055275452,1,0.05160521539276968,0.779919092103076,0.2271678132851784,0.883130280368121
500,0.95,0.9493859407109547,MLP,3,1.345475647232541,0.3444552868868262,0.6703432849343618,2.0206080095307204,1.3502647245963586,2.726348143857291,0.3454756472325411,1,0.03786505927177579,1.184270836500058,0.19458946341407027,1.088242085429551
500,0.95,0.9306394772400485,MLP,4,1.2516455743833803,0.3952916176788131,0.47687400373290667,2.0264171450338537,1.549543141300947,2.2141910353578527,0.2516455743833803,1,0.04139066659502408,1.3406197280668974,0.20344696260948228,1.1578513410912894
500,0.98,0.9870883785759068,Oracle,0,2.4921862408794406,0.9571324954398163,0.6162065498174008,4.368165931941481,3.75195938212408,49.37466609368853,1.4921862408794406,1,0.0,0.0,0.0,0.0
500,0.98,0.9882371251367145,Oracle,1,0.1971081246342926,1.0049646835890025,-1.7726226552001523,2.1668389044687375,3.9394615596688896,52.37554831051577,-0.8028918753657074,1,0.0,0.0,0.0,0.0
500,0.98,0.9974059230787564,Oracle,2,-0.4521176955608512,1.1261674450780543,-2.6594058879138376,1.7551704967921353,4.414576384705973,50.86577963292459,-1.4521176955608512,1,0.0,0.0,0.0,0.0
500,0.98,0.9850792110193862,Oracle,3,1.8563103107304635,1.0171988554936433,-0.13739944603707732,3.8500200674980043,3.9874195135350816,48.739941558457694,0.8563103107304635,1,0.0,0.0,0.0,0.0
500,0.98,0.9802298806441611,Oracle,4,2.883287213845919,1.0473842436159393,0.8304140963586781,4.936160331333159,4.105746234974481,54.32785853011952,1.883287213845919,1,0.0,0.0,0.0,0.0
500,0.98,0.9782624193715446,OLS,0,1.234515776970216,0.2704366947982715,0.7044598551656038,1.7645716987748281,1.0601118436092243,1.3118721595703637,0.23451577697021597,1,0.07752677461756942,1.8608667567478798,0.27843630262156804,1.3641359011285787
500,0.98,0.9695400197422787,OLS,1,1.4204345061825174,0.2807476013948693,0.8701692074485736,1.9706998049164612,1.1005305974678876,1.4101892456288394,0.42043450618251743,1,0.07560166623193146,1.6042448074517437,0.2749575716941279,1.2665878601390999
500,0.98,0.971519357604366,OLS,2,1.6707859079409961,0.36481056495966185,0.9557572006200589,2.3858146152619333,1.4300574146418743,1.2712271692363077,0.6707859079409961,1,0.0768274953245694,1.658973412479431,0.2771777323750402,1.2880114178373696
500,0.98,0.9722747675271517,OLS,3,1.2792454394336006,0.2774458094299853,0.7354516529508294,1.823039225916372,1.0875875729655426,1.3969757753991647,0.2792454394336006,1,0.07622331785451814,1.6054126027189932,0.27608570744339184,1.267048776771831
500,0.98,0.9895279323938398,OLS,4,1.5493484623079885,0.2917140923388148,0.9775888413239116,2.1211080832920652,1.1435192419681537,1.3592893993016086,0.5493484623079885,1,0.0781097198256775,1.7662994232369247,0.2794811618440096,1.3290219799675718
500,0.98,0.9842802952924943,Lasso,0,1.2689721807615841,0.24997103914646732,0.7790289440345082,1.75891541748866,0.9798864734541519,1.1971426913982088,0.26897218076158413,1,0.07559264262423963,1.6438503375165447,0.2749411621133504,1.2821272704051438
500,0.98,0.9929631937634457,Lasso,1,1.3452425385304674,0.25287507692313266,0.8496073877611274,1.8408776892998073,0.9912703015386799,1.369999250508529,0.3452425385304674,1,0.07678527270672908,1.528973263469564,0.27710155666601566,1.2365165843892123
500,0.98,0.9891834110419446,Lasso,2,1.440464372194405,0.248873766494498,0.952671789865189,1.9282569545236212,0.9755851646584323,1.389761809948827,0.44046437219440504,1,0.07903500043024031,1.4180032376187737,0.28113164252755385,1.1907994111599038
500,0.98,0.9759166288362644,Lasso,3,1.0440307674091422,0.2969979240405546,0.46191483628965524,1.6261466985286293,1.164231862238974,1.431262470235917,0.044030767409142246,1,0.06907139294934327,1.588815888414485,0.26281436975428735,1.2604824030562605
500,0.98,0.9665199443059302,Lasso,4,1.1758397487874708,0.2832839553255222,0.6206031963494473,1.7310763012254942,1.1104731048760468,1.3496495841555445,0.17583974878747077,1,0.07331756832784526,1.558995269479836,0.2707721705195075,1.248597320788346
500,0.98,0.9991280157404375,RF_Tuned,0,0.2517459905758951,0.31695058439990814,-0.36947715484792487,0.872969135999715,1.24244629084764,2.3639839849982853,-0.7482540094241049,0,0.036856635406233365,0.5468174880148003,0.19198082041243955,0.7394710866658685
500,0.98,0.9733343989368948,RF_Tuned,1,0.9009028522589724,0.261910746802446,0.38755778852617817,1.4142479159917665,1.0266901274655882,2.301977551968811,-0.09909714774102762,1,0.04156377927416234,0.4770589737024719,0.20387196784786854,0.6906945589060854
500,0.98,0.9792508811776298,RF_Tuned,2,0.8644416897682381,0.29607316722285215,0.28413828201144786,1.4447450975250282,1.1606068155135802,2.450785196111205,-0.1355583102317619,1,0.04130750529651958,0.5613432779140276,0.20324247906508025,0.7492284550883179
500,0.98,0.9878337914414251,RF_Tuned,3,0.6054958091382585,0.25824992113935075,0.09932596370513103,1.1116656545713859,1.0123396908662547,2.2564461530044904,-0.3945041908617415,1,0.039941736910589054,0.5134774757363137,0.19985428919737763,0.7165734266188732
500,0.98,0.9740247248071029,RF_Tuned,4,0.3535376369603167,0.270956073821452,-0.1775362677297292,0.8846115416503626,1.0621478093800918,2.4373906844706177,-0.6464623630396833,0,0.03817417883032471,0.4631563108487002,0.19538213539196644,0.680555883707356
500,0.98,1.0025225102228597,MLP,0,1.1221084062717814,0.2892138394002183,0.5552492810473536,1.6889675314962092,1.1337182504488554,2.4898803243436496,0.12210840627178143,1,0.0398111356130695,0.5022092872861431,0.19952728037305953,0.7086672613336552
500,0.98,1.0018643898691175,MLP,1,1.1381951671806823,0.22949227055802449,0.6883903168869543,1.5880000174744102,0.8996097005874559,2.12160861123368,0.13819516718068225,1,0.051129037265557856,0.455028398125281,0.22611730863770216,0.6745579279241191
500,0.98,0.9586526790531527,MLP,2,0.9508726952292644,0.27255304638996547,0.41666872430493207,1.4850766661535968,1.0684079418486647,1.9866015473297276,-0.04912730477073557,1,0.04641314421433545,0.4904155567876509,0.21543710036652333,0.7002967633708234
500,0.98,0.9724511179939,MLP,3,1.2567716946924066,0.29102092344547925,0.6863706847392672,1.827172704645546,1.1408020199062787,2.4640911287974334,0.25677169469240657,1,0.04251885967362595,0.9280954724722255,0.20620101763479723,0.9633771185118658
500,0.98,0.9656408913862786,MLP,4,1.0783873893795448,0.28749054120765816,0.5149059286125348,1.6418688501465548,1.12696292153402,2.5557913226786706,0.07838738937954481,1,0.041276883705803936,0.45471475652435445,0.2031671324447041,0.6743254084819542
500,0.99,0.9975569403949209,Oracle,0,1.2900619820367467,1.2840998440536775,-1.2267737123084612,3.8068976763819546,5.033671388690416,86.35892845447329,0.2900619820367467,1,0.0,0.0,0.0,0.0
500,0.99,0.9946817463823946,Oracle,1,-0.279501043294296,1.2990992371594754,-2.825735548126868,2.266733461538276,5.092469009665144,99.67108943837555,-1.279501043294296,1,0.0,0.0,0.0,0.0
500,0.99,0.9974194669347678,Oracle,2,-0.0849767728678024,1.4146768928443219,-2.857743482842673,2.6877899371070684,5.5455334199497415,102.96805357841176,-1.0849767728678024,1,0.0,0.0,0.0,0.0
500,0.99,0.9845429987624518,Oracle,3,3.2255536759838415,1.2914390831097269,0.6943330730887767,5.756774278878906,5.06244120579013,97.41146387217326,2.2255536759838415,1,0.0,0.0,0.0,0.0
500,0.99,0.9852069250212403,Oracle,4,1.4443848028893183,1.4181361108760906,-1.3351619744278194,4.223931580206456,5.559093554634275,94.62106400832559,0.44438480288931825,1,0.0,0.0,0.0,0.0
500,0.99,0.9984333591385813,OLS,0,1.3489205507313717,0.30026112398963745,0.7604087477116823,1.9374323537510612,1.1770236060393788,1.2916683980513484,0.34892055073137174,1,0.07845676462269187,1.6686808907035429,0.2801013470561894,1.2917743187970345
500,0.99,0.9838042488252402,OLS,1,1.3334123242773666,0.3614872273392681,0.6248973586924012,2.0419272898623317,1.4170299311699306,1.3675205509346742,0.33341232427736656,1,0.06464635189240617,1.7148340221532428,0.254256468732668,1.309516713201188
500,0.99,0.983964051255466,OLS,2,1.6713055282164115,0.3688346238984461,0.9483896653754571,2.394221391057366,1.4458317256819089,1.2787519019002436,0.6713055282164115,1,0.07677069826689782,1.658933449405488,0.2770752574065353,1.2879959042658047
500,0.99,1.0016127685089466,OLS,3,1.4618063373093468,0.2918394197018233,0.8898010746937731,2.0338115999249204,1.1440105252311472,1.4649403026295236,0.46180633730934684,1,0.07200212094625832,1.5384173044507723,0.26833210942087854,1.2403295144641089
500,0.99,0.9793182829911137,OLS,4,1.3712279730157855,0.27832414086811474,0.8257126569142805,1.9167432891172904,1.0910306322030099,1.4561275417079955,0.3712279730157855,1,0.07290845889749105,1.4851523072393498,0.2700156641706015,1.218668251510373
500,0.99,0.9865354139042392,Lasso,0,1.846504012775574,0.2868634834280906,1.2842515852565164,2.4087564402946318,1.1245048550381154,1.3971022082707698,0.8465040127755741,0,0.07451946814463219,1.5535677945928996,0.27298254183121706,1.2464219969949581
500,0.99,0.9670671332989417,Lasso,1,1.2996428117273093,0.28172725633987605,0.7474573893011522,1.8518282341534664,1.1043708448523142,1.3195535214987408,0.29964281172730933,1,0.07085962016920164,1.8934110332866696,0.2661947034957714,1.3760127300598166
500,0.99,0.9812856610087849,Lasso,2,1.3880493569097132,0.2682676063191557,0.862244848524168,1.9138538652952584,1.0516090167710903,1.444949748290027,0.3880493569097132,1,0.0726548857443697,1.7367135272014447,0.2695457025151202,1.317844272742969
500,0.99,0.9827824064653051,Lasso,3,2.128297279593832,0.266617428624985,1.6057271194888614,2.6508674396988026,1.0451403202099412,1.3664935198533392,1.128297279593832,0,0.0742226153421706,1.881495060113942,0.27243827804141363,1.3716760040599756
500,0.99,0.9861280467821054,Lasso,4,0.9776198037451935,0.2784622350466033,0.4318338230538511,1.523405784436536,1.091571961382685,1.5063911932126026,-0.022380196254806473,1,0.06689838212124241,1.379354679883812,0.258647215568315,1.174459313847786
500,0.99,0.9814342332485063,RF_Tuned,0,0.3349085479429883,0.27787158982542454,-0.20971976811484383,0.8795368640008204,1.0892566321156643,2.7607767945926907,-0.6650914520570117,0,0.03755051828311643,0.5435085114696756,0.19377956105615585,0.7372302974442081
500,0.99,0.9813855780869041,RF_Tuned,1,-2.2389775351279222e-05,0.26734449630344514,-0.5240176025301038,0.5239728229794012,1.047990425509505,2.436009345612568,-1.0000223897753513,0,0.04016170057598974,0.5386769779172426,0.20040384371560777,0.7339461682693375
500,0.99,0.9702022234704789,RF_Tuned,2,0.5499675923881137,0.30897748865663854,-0.05562828537889786,1.1555634701551252,1.211191755534023,3.2685909168440777,-0.45003240761188634,1,0.03008184144150086,0.6369257659454742,0.173441175738349,0.7980762908052552
500,0.99,0.9856730344952659,RF_Tuned,3,0.46889176469870286,0.2811616836044899,-0.08218513516609738,1.019968664563503,1.1021537997296005,2.717782379109724,-0.5311082353012971,1,0.0350583426626573,0.5607299603063932,0.1872387317374728,0.7488190437658442
500,0.99,1.00025220215919,RF_Tuned,4,0.47275009582645267,0.2968210627186594,-0.10901918710211966,1.054519378755025,1.1635385658571447,2.3694341007125312,-0.5272499041735473,1,0.043439074256560906,0.6143277305046091,0.20842042667781127,0.7837906164943601
500,0.99,0.9866213349449214,MLP,0,0.7527461647056956,0.2917790679872779,0.1808591914506309,1.32463313796076,1.1437739465101293,1.9745175767940506,-0.24725383529430445,1,0.054161320725656395,0.4847983056690206,0.23272584885580802,0.6962745907104615
500,0.99,0.99883125458998,MLP,1,0.6388741708372692,0.36296596935570696,-0.07253912909991644,1.3502874707744548,1.4228265998743712,2.5934097795557745,-0.36112582916273084,1,0.038622641610015745,0.810729306434027,0.19652643997695513,0.9004050790805364
500,0.99,0.9883211498110264,MLP,2,1.5627968013603148,0.2765365564796052,1.0207851506602887,2.104808452060341,1.0840233014000522,2.5816605931377143,0.5627968013603148,0,0.036050849389010195,0.49560021653166975,0.1898706122310933,0.7039887900610845
500,0.99,0.9960690319676757,MLP,3,1.181864267462894,0.2696500330959303,0.6533502025948708,1.7103783323309174,1.0570281297360467,2.3158124079067552,0.18186426746289408,1,0.039555405019411564,0.4927600426363494,0.19888540675326474,0.7019686906382289
500,0.99,0.9858719506699779,MLP,4,0.9838517669606553,0.2557077815110997,0.48266451519889997,1.4850390187224107,1.0023745035235108,2.1534683539751924,-0.01614823303934465,1,0.04706709126741052,0.516047386393731,0.2169495131762469,0.7183643827429997
2000,0.75,0.7465886904650869,Oracle,0,1.1044331371385263,0.12255968463260333,0.8642161552586238,1.3446501190184288,0.48043396375980496,3.914504529314457,0.10443313713852631,1,0.0,0.0,0.0,0.0
2000,0.75,0.7400037376537245,Oracle,1,1.1845553528726858,0.12350266432600107,0.9424901307937237,1.4266205749516478,0.48413044415792417,4.148487944978342,0.18455535287268576,1,0.0,0.0,0.0,0.0
2000,0.75,0.7490084363666215,Oracle,2,1.1294369862458962,0.1139867680318689,0.9060229209034332,1.3528510515883592,0.446828130684926,3.8220369764508924,0.12943698624589617,1,0.0,0.0,0.0,0.0
2000,0.75,0.7414294702786274,Oracle,3,0.919110502321607,0.12848674787153808,0.6672764764933923,1.1709445281498216,0.5036680516564294,4.378841108682936,-0.08088949767839304,1,0.0,0.0,0.0,0.0
2000,0.75,0.7497395390711642,Oracle,4,1.017336355381037,0.11685398507497546,0.7883025446340852,1.246370166127989,0.4580676214939037,3.9089640013575364,0.01733635538103706,1,0.0,0.0,0.0,0.0
2000,0.75,0.7851971572361809,OLS,0,1.4496604649559606,0.12382887192278166,1.2069558759873085,1.6923650539246127,0.4854091779373042,1.2616806683007198,0.44966046495596057,0,0.07600165293338354,1.7461087823887262,0.27568397293528607,1.3214040950400927
2000,0.75,0.7429366512380803,OLS,1,1.3822022981310942,0.11087069545950878,1.164895735030457,1.5995088612317314,0.43461312620127446,1.2721005944194443,0.3822022981310942,0,0.07580160299578798,1.5200418048820363,0.27532090911477825,1.232899754595659
2000,0.75,0.754658215958713,OLS,2,1.4064030099932923,0.1064493451955905,1.1977622934099348,1.6150437265766497,0.41728143316671495,1.2933870107917547,0.40640300999329226,0,0.07137673701491294,1.510367592543687,0.26716425100471985,1.2289701349274875
2000,0.75,0.7559831699455236,OLS,3,1.2360936238482636,0.11524158697016933,1.0102201133867317,1.4619671343097955,0.45174702092306385,1.2796029709639836,0.2360936238482636,0,0.0655973825532465,1.4060519551562984,0.256119859740018,1.1857706165849693
2000,0.75,0.7521397374060653,OLS,4,1.526706356693788,0.11034277854789834,1.3104345107399071,1.7429782026476688,0.43254369190776165,1.2510464778038708,0.526706356693788,0,0.07097880265886912,1.4440264446522937,0.26641847281836356,1.2016765141469203
2000,0.75,0.7072803428866167,Lasso,0,1.3541650470062534,0.11496993102627019,1.1288239821947639,1.579506111817743,0.45068212962297904,1.2333036374843134,0.3541650470062534,0,0.07100743124485864,1.6734398888722817,0.26647219600712313,1.293615046631834
2000,0.75,0.746056073300897,Lasso,1,1.3013432888674052,0.10625931858557122,1.0930750244396856,1.5096115532951249,0.41653652885543924,1.276925367923444,0.30134328886740525,0,0.06986587039587101,1.395742527984216,0.2643215284381335,1.1814154764451903
2000,0.75,0.7490084363666215,Lasso,2,1.3922525609750156,0.1223899900941219,1.1523681803905368,1.6321369415594944,0.4797687611689576,1.2732811154281394,0.3922525609750156,0,0.07058079717783826,1.6760099617269473,0.26567046726694754,1.2946080340114328
2000,0.75,0.7326949677687442,Lasso,3,1.3209426107007476,0.10825576423235982,1.1087613128053224,1.5331239085961728,0.42436259579085034,1.2555889986291735,0.3209426107007476,0,0.06829509759703756,1.5612272689654498,0.261333307477324,1.249490803873902
2000,0.75,0.7393653221150018,Lasso,4,1.2273370402498618,0.11983674442697073,0.9924570211729992,1.4622170593267243,0.46976003815372513,1.34032796561946,0.2273370402498618,1,0.0709886265775307,1.6007528979388237,0.2664369091877676,1.26520863810631
2000,0.75,0.7303732597698218,RF_Tuned,0,0.8471724551523758,0.10203587868632796,0.647182132927173,1.0471627773775787,0.3999806444504057,2.2130259000505665,-0.15282754484762417,1,0.02599167969052237,0.29905035281709225,0.1612193527171052,0.546854965065777
2000,0.75,0.7424932342709636,RF_Tuned,1,0.7640619622624255,0.10016222853807141,0.5677439943278055,0.9603799301970455,0.39263593586923995,2.3459756738936797,-0.2359380377375745,0,0.023836053241864726,0.24589030344399412,0.15438929121498268,0.49587327357299077
2000,0.75,0.7638043709743605,RF_Tuned,2,0.6883978380739931,0.09877102795660536,0.4948066232790466,0.8819890528689396,0.38718242958989296,2.236049399030226,-0.31160216192600687,0,0.02658360956525619,0.2438281052847565,0.16304480845846087,0.49378953541438736
2000,0.75,0.805827346407241,RF_Tuned,3,0.9691876844970522,0.10523297366090811,0.7629310561216722,1.1754443128724321,0.4125132567507599,2.217362442978586,-0.03081231550294783,1,0.029368800455680487,0.2779105038338784,0.17137327812608502,0.5271721766499806
2000,0.75,0.7595376126064383,RF_Tuned,4,0.7784168428761383,0.09952753320305223,0.583342877798156,0.9734908079541207,0.3901479301559647,2.2338967033391817,-0.22158315712386167,0,0.027038193003326074,0.2512668957681442,0.16443294378963746,0.5012652947972204
2000,0.75,0.7712647173265766,MLP,0,0.931966751565642,0.10103461120831903,0.7339389135973368,1.1299945895339474,0.3960556759366106,2.2156210576762327,-0.06803324843435798,1,0.025532431084090382,0.24239273459741492,0.15978870762381922,0.49233396652822453
2000,0.75,0.7253752746940413,MLP,1,0.924796778942198,0.10083506475238406,0.7271600520275252,1.1224335058568709,0.39527345382934564,2.342091587811021,-0.07520322105780197,1,0.028575195307263854,0.23405716163876475,0.16904199273335563,0.48379454486255297
2000,0.75,0.7568335677073214,MLP,2,0.9429235659307602,0.10600428234137584,0.7351551725416636,1.1506919593198568,0.41553678677819317,2.523275844254073,-0.05707643406923979,1,0.018882004882999452,0.20069113949619766,0.13741180765494446,0.44798564652921374
2000,0.75,0.7579396834275834,MLP,3,1.1791343623933082,0.10104718537767472,0.9810818790530658,1.3771868457335505,0.3961049666804848,2.1265823268492356,0.17913436239330816,1,0.026601384238371877,0.2535810266903604,0.16309930790279853,0.5035682939685147
2000,0.75,0.7567404012055046,MLP,4,0.9137090341631382,0.10431641496482771,0.709248860832076,1.1181692074942005,0.4089203466621245,2.4140295628233317,-0.0862909658368618,1,0.026565519854686966,0.2646282966726892,0.16298932435802954,0.5144203501735611
2000,0.9,0.8747431938770731,Oracle,0,0.7395658780539477,0.20525348941887492,0.33726903879295284,1.1418627173149425,0.8045936785219896,9.870849079753256,-0.2604341219460523,1,0.0,0.0,0.0,0.0
2000,0.9,0.8996889518888527,Oracle,1,1.130462946509933,0.2081261566307372,0.7225356795136881,1.5383902135061778,0.8158545339924896,9.30659319290303,0.13046294650993295,1,0.0,0.0,0.0,0.0
2000,0.9,0.9085504661940692,Oracle,2,0.9014834433782013,0.1989752173898815,0.5114920172940336,1.291474869462369,0.7799828521683354,9.886560785747857,-0.0985165566217987,1,0.0,0.0,0.0,0.0
2000,0.9,0.893716723149122,Oracle,3,1.058192977113615,0.20778654867157176,0.6509313417173344,1.4654546125098955,0.8145232707925611,9.992914771872156,0.05819297711361493,1,0.0,0.0,0.0,0.0
2000,0.9,0.9169556376830932,Oracle,4,1.1198498339969334,0.20709620336436985,0.7139412754027685,1.5257583925910982,0.8118171171883297,9.64454905644085,0.11984983399693339,1,0.0,0.0,0.0,0.0
2000,0.9,0.9039761100900617,OLS,0,1.5104725084335697,0.12343472766812133,1.2685404422040518,1.7524045746630876,0.4838641324590358,1.4148552129856566,0.5104725084335697,0,0.07020745643695538,1.4401550344041518,0.264966896870072,1.200064595929799
2000,0.9,0.8759282507643508,OLS,1,1.2758013273624884,0.11854151908434801,1.0434599499571664,1.5081427047678104,0.464682754810644,1.3745134294614092,0.2758013273624884,0,0.07135193855983979,1.4188639539301258,0.2671178364689258,1.1911607590624054
2000,0.9,0.8872704971855511,OLS,2,1.5106850586678924,0.1277418881147209,1.2603109579630394,1.7610591593727454,0.500748201409706,1.3033039536423836,0.5106850586678924,0,0.07191752740686144,1.6302262181719698,0.2681744346630779,1.2768031242803135
2000,0.9,0.8934643574225551,OLS,3,1.4669686942130609,0.13662717140425246,1.199179438260726,1.7347579501653958,0.5355785119046699,1.344786916590546,0.46696869421306086,0,0.06681156640627176,1.5048746036978236,0.2584793345826156,1.2267333058565841
2000,0.9,0.9067683948031967,OLS,4,1.426775716682337,0.1340451522364197,1.1640472182989543,1.6895042150657196,0.5254569967667653,1.361748532566502,0.42677571668233694,0,0.07127300580406067,1.6463518398461883,0.2669700466420543,1.2831024276518956
2000,0.9,0.9023244878462412,Lasso,0,1.5926428789696636,0.12250494976973132,1.35253317742099,1.8327525805183371,0.480219403097347,1.3516239782248949,0.5926428789696636,0,0.07344075158747218,1.4359415790650651,0.2709995416739153,1.1983077981324604
2000,0.9,0.9044775121203228,Lasso,1,1.3908696767494437,0.12661286141370628,1.1427084683785793,1.6390308851203081,0.49632241674172883,1.360182624629797,0.39086967674944373,0,0.06977746692370075,1.541975930297314,0.264154248354443,1.2417632343958787
2000,0.9,0.8904250231839982,Lasso,2,1.3697684816943694,0.13175006273038728,1.1115383587428103,1.6279986046459285,0.5164602459031182,1.3414020514530283,0.3697684816943694,0,0.06972606480924942,1.3917594038499475,0.2640569347872716,1.1797285297262026
2000,0.9,0.9149197978344313,Lasso,3,1.2520818386294266,0.13755597628887972,0.9824721251032222,1.521691552155631,0.5392194270524087,1.3469097400802152,0.25208183862942657,1,0.07299769709762528,1.6824807028773086,0.27018085997647073,1.2971047385918026
2000,0.9,0.9012103098754218,Lasso,4,1.3012286655718146,0.1281356981830425,1.0500826971330512,1.552374634010578,0.5022919368775267,1.405952421567864,0.3012286655718146,0,0.07091039895153886,1.4280163197588287,0.26629006543906003,1.1949963680944091
2000,0.9,0.8918564527465063,RF_Tuned,0,0.6071085012716858,0.1470101607057377,0.31896858628843994,0.8952484162549317,0.5762798299664917,3.1332690240878613,-0.3928914987283142,0,0.02381380682813842,0.25693362331921127,0.15431722790452923,0.5068862035202885
2000,0.9,0.8819987478939089,RF_Tuned,1,0.7289632917008282,0.12950976861084718,0.4751241452235677,0.9828024381780887,0.5076782929545209,2.9601059802504985,-0.2710367082991718,0,0.025643525675109708,0.2796441588504586,0.1601359599687394,0.5288139170355283
2000,0.9,0.8753162516796119,RF_Tuned,2,0.618144245364343,0.14074137660506883,0.3422911472184081,0.8939973435102779,0.5517061962918699,3.1171459897276796,-0.381855754635657,0,0.02437006838841208,0.2737373637295218,0.15610915536384173,0.523199162584882
2000,0.9,0.9342553480016881,RF_Tuned,3,0.7162630231564104,0.14271265842664643,0.43654621264018345,0.9959798336726374,0.559433621032454,3.1085934868326723,-0.28373697684358956,0,0.025195990422632857,0.2781241836276706,0.15873244917984747,0.5273748037474587
2000,0.9,0.8935883643809076,RF_Tuned,4,0.9075692416259799,0.13834664041785377,0.6364098264069864,1.1787286568449733,0.5423188304379869,3.144286023458112,-0.09243075837402015,1,0.02490519778889769,0.2770731188562078,0.15781380734554784,0.5263773540495523
2000,0.9,0.8882635374089498,MLP,0,1.0619766007057707,0.1552009290749457,0.7577827797188772,1.3661704216926642,0.608387641973787,3.914970845750296,0.06197660070577071,1,0.016419054628117054,0.297839059828643,0.12813685897553856,0.5457463328586304
2000,0.9,0.8819987478939089,MLP,1,1.0532788388287018,0.14643684116404662,0.7662626301471704,1.340295047510233,0.5740324173630627,3.6124642348907985,0.05327883882870177,1,0.018409947437604275,0.21721517054814343,0.13568326144961387,0.4660634833884151
2000,0.9,0.8812238082609374,MLP,2,0.9044267327468505,0.1509757559365321,0.6085142511112476,1.2003392143824534,0.5918249632712058,3.4189443869128215,-0.09557326725314952,1,0.0195030122311226,0.259971605291089,0.1396531855387574,0.5098741072961923
2000,0.9,0.9004455350215592,MLP,3,1.0627378156662843,0.14643712825407948,0.7757210442882886,1.3497545870442802,0.5740335427559916,3.82581466448847,0.06273781566628434,1,0.01808971363386086,0.24532316091223294,0.13449800605905227,0.49530108107315185
2000,0.9,0.9078016809564065,MLP,4,0.8693292370525597,0.1606635950505569,0.5544285907534682,1.1842298833516511,0.629801292598183,3.861915506896541,-0.1306707629474403,1,0.0184055968013554,0.23042626415785486,0.1356672281774615,0.48002735771813554
2000,0.95,0.962066832506069,Oracle,0,0.9834389219042057,0.30659125143783655,0.3825200690860461,1.5843577747223652,1.201837705636319,19.11026264052331,-0.016561078095794324,1,0.0,0.0,0.0,0.0
2000,0.95,0.9578506790130062,Oracle,1,1.1215649284088127,0.31108520412989954,0.5118379283142096,1.7312919285034158,1.2194540001892062,19.84940695180761,0.12156492840881272,1,0.0,0.0,0.0,0.0
2000,0.95,0.93246460616185,Oracle,2,1.262365677171783,0.324624162102296,0.6261023194512829,1.8986290348922832,1.2725267154410003,21.206357256683283,0.26236567717178305,1,0.0,0.0,0.0,0.0
2000,0.95,0.9548862075675648,Oracle,3,1.18666495057453,0.3060473225029395,0.5868121984687685,1.7865177026802912,1.1997055042115226,20.23474422358866,0.18666495057452992,1,0.0,0.0,0.0,0.0
2000,0.95,0.9555641232766136,Oracle,4,1.401742451968551,0.3153103254518419,0.783734214082941,2.019750689854161,1.23601647577122,19.85542221888174,0.4017424519685511,1,0.0,0.0,0.0,0.0
2000,0.95,0.9533796750745916,OLS,0,1.444007932664273,0.13606046621354492,1.1773294188857248,1.710686446442821,0.5333570275570962,1.325283859110866,0.44400793266427296,0,0.07471041417265055,1.651275123964643,0.2733320584429323,1.2850195033401801
2000,0.95,0.9616297673656355,OLS,1,1.2686235082816522,0.12627687806898147,1.0211208272664485,1.5161261892968558,0.49500536203040735,1.3349587119809267,0.26862350828165216,0,0.07035666223445167,1.4227518252336326,0.2652483029812852,1.192791610145558
2000,0.95,0.9568317869653752,OLS,2,1.689866218277344,0.13684009313319234,1.4216596357362872,1.958072800818401,0.5364131650821138,1.3698598305753131,0.6898662182773441,0,0.07323484778592532,1.6650491796877058,0.2706193780680262,1.2903678466575745
2000,0.95,0.9301770201861076,OLS,3,1.3650609541443324,0.12530399432167066,1.1194651252738579,1.6106567830148069,0.491191657740949,1.4128749163633005,0.3650609541443324,0,0.06690964047117046,1.3818058970282028,0.2586689785636663,1.1755024019661562
2000,0.95,0.9513071549184304,OLS,4,1.6422106292214422,0.13694103101363264,1.3738062084347222,1.9106150500081622,0.53680884157344,1.3919650759587205,0.6422106292214422,0,0.06902315160229694,1.5518203683488478,0.2627225753571568,1.2457208227965237
2000,0.95,0.9696210861626225,Lasso,0,1.2838854359106986,0.13353971849440877,1.0221475876616575,1.5456232841597397,0.5234756964980822,1.3852634358536933,0.2838854359106986,0,0.06918943052966471,1.4163618706728216,0.2630388384434221,1.1901100246081542
2000,0.95,0.9547614947474407,Lasso,1,1.407004643313596,0.13509569159929252,1.1422170877789828,1.6717921988482094,0.5295751110692266,1.3730411630174673,0.4070046433135961,0,0.06908309379478281,1.5753107964110626,0.2628366294769106,1.2551138579471834
2000,0.95,0.9548815028191849,Lasso,2,1.3652413235337302,0.14599228154861962,1.0790964516984358,1.6513861953690245,0.5722897436705887,1.470294182674294,0.3652413235337302,0,0.07020898650116926,1.5401360493474878,0.2649697841286234,1.2410221792327032
2000,0.95,0.9682151056887538,Lasso,3,1.6589670231799611,0.13308387520370044,1.3981226277807082,1.9198114185792141,0.5216887907985059,1.401945713648539,0.6589670231799611,0,0.070222341775431,1.4764553636113196,0.26499498443448133,1.2150947961419798
2000,0.95,0.9500207275671115,Lasso,4,1.5207125271035042,0.13448917326191318,1.2571137475101544,1.7843113066968541,0.5271975591866997,1.3565996901829096,0.5207125271035042,0,0.06903232101020192,1.5919483186400663,0.262740025519908,1.2617243433650895
2000,0.95,0.9533796750745916,RF_Tuned,0,0.4975239595016356,0.126688274300764,0.24921494187213816,0.745832977131133,0.4966180352589948,3.0728850059412434,-0.5024760404983644,0,0.029473620689087283,0.27527517202867513,0.17167883005509818,0.5246667247202506
2000,0.95,0.9562226581534427,RF_Tuned,1,0.6289345117898874,0.14752480566692824,0.339785892682708,0.9180831308970667,0.5782972382143587,3.273576211129544,-0.37106548821011265,0,0.02732750750618223,0.3357054426331537,0.16531033696106917,0.5794009342701768
2000,0.95,0.9529557682759208,RF_Tuned,2,0.729841340624095,0.14220402960253828,0.45112144260312,1.00856123864507,0.5574397960419499,3.5900571877110794,-0.270158659375905,1,0.02439686129992892,0.22576177624530375,0.1561949464609176,0.47514395318187913
2000,0.95,0.9502792222149318,RF_Tuned,3,0.7851307689732405,0.1290615288099804,0.5321701725056789,1.0380913654408022,0.5059211929351233,3.430550084583221,-0.21486923102675948,1,0.02684549209990314,0.29637909079495633,0.1638459401386044,0.5444071002429673
2000,0.95,0.9349304717908602,RF_Tuned,4,0.5183250643043152,0.13553910083877357,0.252668426660319,0.7839817019483115,0.5313132752879925,3.274474990404995,-0.48167493569568476,0,0.026722521488448996,0.2203583013630509,0.1634702464928985,0.469423371129997
2000,0.95,0.9426144078711234,MLP,0,1.1271311145677303,0.1881098826438931,0.7584357445856997,1.4958264845497609,0.7373907399640611,5.139191857671776,0.1271311145677303,1,0.01457121364670547,0.2607211909376159,0.12071128218482922,0.510608647535092
2000,0.95,0.9562226581534427,MLP,1,1.021592304971923,0.17925776624183393,0.6702470831379286,1.3729375268059176,0.702690443667989,4.903575610757989,0.021592304971923104,1,0.017269840991663912,0.2610400047912927,0.13141476702282706,0.510920742181498
2000,0.95,0.9511564644162454,MLP,2,1.1717548957854171,0.17651256615018707,0.8257902661310506,1.5177195254397837,0.6919292593087332,5.191578973112594,0.17175489578541714,1,0.014961318317987861,0.24053425197089848,0.12231646789368904,0.4904429140796087
2000,0.95,0.9555255972844748,MLP,3,0.6819937888524962,0.17081357145160853,0.34719918880734346,1.0167883888976488,0.6695892000903053,4.717682477543341,-0.3180062111475038,1,0.017208547997287327,0.25783036610239046,0.13118135537219963,0.5077699933064088
2000,0.95,0.9464489027844714,MLP,4,0.6234091098829272,0.1944926849550262,0.24220344737107585,1.0046147723947785,0.7624113250237026,6.27031207881453,-0.3765908901170728,1,0.012334904444281975,0.24061460344242308,0.11106261497138438,0.4905248244915063
2000,0.98,0.977156585300887,Oracle,0,1.3575696528264274,0.5026436398187402,0.37238811878169664,2.3427511868711584,1.9703630680894617,51.285150566421514,0.3575696528264274,1,0.0,0.0,0.0,0.0
2000,0.98,0.9750470548993022,Oracle,1,-0.14247130723889523,0.511326107658378,-1.1446704782493162,0.8597278637715258,2.004398342020842,53.91362910046626,-1.1424713072388952,0,0.0,0.0,0.0,0.0
2000,0.98,0.990079078390848,Oracle,2,1.3456192654678367,0.5012197613970638,0.3632285331295917,2.328009997806082,1.9647814646764903,47.47170566398214,0.3456192654678367,1,0.0,0.0,0.0,0.0
2000,0.98,0.9730375042560461,Oracle,3,1.1515814944286076,0.49689743710510237,0.177662517702607,2.1255004711546084,1.9478379534520014,48.97977965217138,0.15158149442860758,1,0.0,0.0,0.0,0.0
2000,0.98,0.9815069801220828,Oracle,4,1.328489873793001,0.5057855549783402,0.3371501860354543,2.3198295615505478,1.9826793755150933,51.4376252176861,0.3284898737930011,1,0.0,0.0,0.0,0.0
2000,0.98,0.9895729338253257,OLS,0,1.4906473665472928,0.14815542162434148,1.2002627401635835,1.7810319929310021,0.5807692527674186,1.412136653974483,0.4906473665472928,0,0.07165808621017906,1.7170506133303816,0.26769028038047826,1.3103627792830432
2000,0.98,0.976314585505336,OLS,1,1.5666367517006767,0.1426461480529422,1.28705030151691,1.8462232018844436,0.5591729003675336,1.4047178417819257,0.5666367517006767,0,0.07081313239567259,1.6050221539190601,0.2661073700513997,1.2668946893562465
2000,0.98,0.9908297668864251,OLS,2,1.335179310692082,0.14361159456969194,1.0537005853354857,1.6166580360486782,0.5629574507131925,1.3777508177532025,0.33517931069208196,0,0.07282734637270437,1.5330314569831007,0.26986542270677133,1.2381564751609955
2000,0.98,0.9790511482825217,OLS,3,1.5374716461112774,0.12699214948405957,1.2885670331225207,1.786376259100034,0.4978092259775133,1.3363266192409544,0.5374716461112774,0,0.0734275541095798,1.4588048783106928,0.2709751909485069,1.2078099512384772
2000,0.98,0.9804681716346231,OLS,4,1.5393916999795083,0.13729866485218487,1.270286316869226,1.8084970830897906,0.5382107662205646,1.4141608729373132,0.5393916999795083,0,0.06884747018633933,1.6380236502858079,0.26238801456305,1.2798529799495753
2000,0.98,0.9802900226258223,Lasso,0,1.5091506047772922,0.13594057449226213,1.2427070787724586,1.775594130782126,0.5328870520096674,1.405942957122068,0.5091506047772922,0,0.07186630982956567,1.6150014358062983,0.2680789246277403,1.2708270676241902
2000,0.98,0.9866202926727784,Lasso,1,1.544938088314613,0.1479743807046295,1.2549083021335392,1.834967874495687,0.5800595723621478,1.3819326172314534,0.5449380883146131,0,0.0694979045904359,1.7309405253255308,0.26362455232856424,1.3156521292976844
2000,0.98,0.9681582649753802,Lasso,2,1.561009052432326,0.148924196983906,1.2691176263438702,1.8529004785207817,0.5837828521769115,1.3758298772637512,0.5610090524323259,0,0.07248706854235676,1.8320305075870331,0.2692342261718535,1.3535252149801396
2000,0.98,0.976133474642708,Lasso,3,1.3897813451593375,0.12992991342306492,1.1351187148501303,1.6444439754685447,0.5093252606184144,1.3333522409293215,0.3897813451593375,0,0.07108265261674832,1.594471445957786,0.2666133016500646,1.2627238201434967
2000,0.98,0.9865085188425641,Lasso,4,1.5650806482742907,0.12712746006008963,1.3159108265565151,1.8142504699920663,0.49833964343555115,1.346608908516548,0.5650806482742907,0,0.07156791929538223,1.6847485289547464,0.2675218108778838,1.2979786319330324
2000,0.98,0.9922380704395691,RF_Tuned,0,0.7442363094430002,0.1533847966577407,0.44360210799382843,1.044870510892172,0.6012684028983437,4.122202112005966,-0.25576369055699977,1,0.02339141197934906,0.27219253365424245,0.15294251200810408,0.5217207429786959
2000,0.98,0.9744785359411744,RF_Tuned,1,0.5600297600167344,0.15132028907333522,0.2634419934329974,0.8566175266004714,0.593175533167474,3.796861622932035,-0.43997023998326557,0,0.024295466525543864,0.2908308632713705,0.15587003087682977,0.5392873661336509
2000,0.98,0.9862321936663413,RF_Tuned,2,0.5175401110552781,0.17156864485213508,0.18126556714509334,0.8538146549654628,0.6725490878203695,4.1268598076548795,-0.4824598889447219,0,0.022955903038440913,0.24079722813692775,0.1515120557528044,0.4907109415296624
2000,0.98,0.9783775197772782,RF_Tuned,3,0.6421671508554987,0.15770060597609747,0.33307396314234766,0.9512603385686498,0.6181863754263022,3.534061489568354,-0.3578328491445013,0,0.02538732018359685,0.27491030828177554,0.15933398941718885,0.5243188994131106
2000,0.98,0.9775436486622159,RF_Tuned,4,0.55386385100538,0.15913965651240777,0.24195012424106083,0.8657775777696992,0.6238274535286383,3.9317112187698124,-0.44613614899461995,0,0.022900667680516455,0.29383781839642803,0.15132966556665767,0.5420680938742181
2000,0.98,0.982211952553481,MLP,0,0.6582801448208382,0.23349082408478705,0.20063812961465555,1.1159221600270208,0.9152840304123653,7.45319116622583,-0.3417198551791618,1,0.011885528289681044,0.23479070466540097,0.10902076999214895,0.4845520660005496
2000,0.98,0.9858851926251168,MLP,1,1.124238583567426,0.20642276448323713,0.7196499651802812,1.5288272019545708,0.8091772367742895,6.3346065534495715,0.12423858356742601,1,0.014134719711947,0.2491208284273951,0.11888952734344183,0.49912005412264804
2000,0.98,0.984362201782427,MLP,2,1.0008431194468514,0.21378209013684696,0.5818302227786314,1.4198560161150715,0.8380257933364401,8.100831781505443,0.000843119446851448,1,0.01095615703670396,0.22577614642751354,0.10467166300725311,0.47515907486600056
2000,0.98,0.9766453886895211,MLP,3,0.8034994530216852,0.21538707093823764,0.38134079398273946,1.2256581120606311,0.8443173180778917,7.1913474561186055,-0.19650054697831476,1,0.012032830010482564,0.22817475677294988,0.10969425696216992,0.477676414294185
2000,0.98,0.983578633153359,MLP,4,1.018027167742769,0.21962510200724758,0.5875619678085637,1.4484923676769743,0.8609303998684106,7.188632737590298,0.018027167742769024,1,0.011780562292092721,0.21594695115784357,0.10853829873409994,0.4647009265730418
2000,0.99,0.9849871692924261,Oracle,0,2.288161243404679,0.7001372389879129,0.9158922549883699,3.6604302318209885,2.7445379768326186,93.47512492574096,1.2881612434046792,1,0.0,0.0,0.0,0.0
2000,0.99,0.9880707021221091,Oracle,1,1.2618184547198574,0.7276840250496048,-0.16444223437736794,2.688079143817083,2.8525213781944507,97.28626528828536,0.26181845471985743,1,0.0,0.0,0.0,0.0
2000,0.99,0.9921665128040409,Oracle,2,1.4917151749373996,0.7086020199745491,0.10285521578728352,2.8805751340875156,2.777719918300232,108.03542353775235,0.4917151749373996,1,0.0,0.0,0.0,0.0
2000,0.99,0.9881415678718256,Oracle,3,-0.5037089498514653,0.6687466657883723,-1.814452414796675,0.8070345150937444,2.6214869298904193,100.9861180934782,-1.5037089498514653,0,0.0,0.0,0.0,0.0
2000,0.99,0.9898563576493014,Oracle,4,1.405201068536019,0.6679440098117386,0.09603080930501129,2.7143713277670267,2.6183405184620154,97.39646511365093,0.405201068536019,1,0.0,0.0,0.0,0.0
2000,0.99,0.9915020590343623,OLS,0,1.4305379867228063,0.1315496876582651,1.1727005989126067,1.688375374533006,0.5156747756203992,1.39716468344742,0.4305379867228063,0,0.07122859173052205,1.437317676197195,0.2668868519251596,1.1988818441352738
2000,0.99,0.9934242633295132,OLS,1,1.452848696930375,0.1398974517700969,1.1786496914609852,1.727047702399765,0.5483980109387798,1.3922382381704568,0.4528486969303751,0,0.0692570825450429,1.5798857629484955,0.26316740403219185,1.2569350671170312
2000,0.99,0.9885246644474762,OLS,2,1.5562265832689943,0.1436351847196297,1.27470162121852,1.8377515453194686,0.5630499241009486,1.4445814961263561,0.5562265832689943,0,0.0678941289108235,1.617336896747769,0.26056501858619374,1.2717456100760753
2000,0.99,0.9891232107093584,OLS,3,1.4233347504347558,0.13883131778523536,1.1512253675756945,1.695444133293817,0.5442187657181226,1.402379177519986,0.42333475043475577,0,0.07106301344474955,1.5691705130830185,0.26657646828771203,1.2526653635680274
2000,0.99,0.9976242395413181,OLS,4,1.3405503462534827,0.14954310155840536,1.0474458671990081,1.6336548253079572,0.5862089581089491,1.4235744944792879,0.3405503462534827,0,0.0688888040135214,1.5629312669312614,0.2624667674459405,1.2501724948707125
2000,0.99,0.9871973332075046,Lasso,0,1.5496540102885201,0.13953706350178607,1.2761613658250195,1.8231466547520208,0.5469852889270013,1.426312085426018,0.5496540102885201,0,0.06894888136485247,1.467782290094125,0.2625811900438652,1.211520651947017
2000,0.99,0.9893801329840591,Lasso,1,1.2833150779267355,0.12906460757710078,1.030348447075618,1.536281708777853,0.5059332617022352,1.4097901492441327,0.2833150779267355,0,0.07102386041874914,1.3633500192446406,0.26650302140641696,1.167625804461618
2000,0.99,0.988380774396393,Lasso,2,1.4920986348374259,0.14591668940501892,1.2061019236035888,1.778095346071263,0.5719934224676742,1.3633634752572477,0.4920986348374259,0,0.07114668362965589,1.7301422021192319,0.26673335679973714,1.3153486998204058
2000,0.99,0.9951930458214661,Lasso,3,1.3610527500284086,0.14737341095297005,1.0722008645605874,1.64990463549623,0.5777037709356425,1.478268661652238,0.36105275002840864,0,0.07123785777957253,1.578513532643984,0.2669042108689418,1.2563890848952741
2000,0.99,0.9869328343521547,Lasso,4,1.3770339606849904,0.13113060636730794,1.120017972205067,1.6340499491649139,0.5140319769598469,1.4621466340760338,0.3770339606849904,0,0.06937527473658546,1.341954951930796,0.26339186535765574,1.1584277931450004
2000,0.99,0.993363045716793,RF_Tuned,0,0.8023901611033363,0.1485510781727696,0.5112300478847078,1.0935502743219647,0.5823202264372569,3.682249977720126,-0.19760983889666373,1,0.02736927298621957,0.3865786933477954,0.16543661319738012,0.6217545282085168
2000,0.99,0.9927203733502646,RF_Tuned,1,0.7710398957106206,0.1657291018019968,0.44621085617870687,1.0958689352425344,0.6496580790638276,3.8384166868557155,-0.2289601042893794,1,0.025613177141415616,0.3525593051226349,0.16004117326930473,0.5937670461743687
2000,0.99,0.9875716718562776,RF_Tuned,2,0.8405478606565733,0.16122300408495568,0.5245507726500601,1.1565449486630865,0.6319941760130264,3.900665912950732,-0.15945213934342672,1,0.025061141396342294,0.3625532214845367,0.15830711101003106,0.6021239253546871
2000,0.99,0.993790788793457,RF_Tuned,3,1.1190633954563485,0.16151578798457228,0.8024924510065868,1.4356343399061102,0.6331418888995234,3.8593060140516764,0.11906339545634848,1,0.02537390562418787,0.36549337143204685,0.15929188813052556,0.6045604778945171
2000,0.99,0.9947296456543511,RF_Tuned,4,0.8431388666498691,0.16960219127570839,0.5107185717494807,1.1755591615502576,0.664840589800777,3.953758584337252,-0.15686113335013085,1,0.025061118114304098,0.38667343827647765,0.1583070374756097,0.6218307151279017
2000,0.99,0.9854218975413003,MLP,0,0.8212770054819307,0.2209931936373006,0.38813034595282153,1.2544236650110399,0.8662933190582183,8.150889924807156,-0.17872299451806928,1,0.012155737011063853,0.2504667337691023,0.11025305896465573,0.500466516131801
2000,0.99,0.9908533552027395,MLP,1,1.02969905036227,0.24450875871127764,0.5504618832881658,1.5089362174363743,0.9584743341482085,7.725733381181779,0.029699050362270052,1,0.011706101676342708,0.26934568080965826,0.10819473959644575,0.51898524141796
2000,0.99,0.9888113216373807,MLP,2,0.9224856005361083,0.2418257613158244,0.44850710835709245,1.3964640927151242,0.9479569843580318,8.858948793618506,-0.07751439946389171,1,0.009750280112238776,0.21728830850094225,0.0987435066839272,0.466141940293879
2000,0.99,0.9880876342898396,MLP,3,0.6122686911683021,0.2007047441952697,0.21888739254557343,1.0056499897910307,0.7867625972454573,5.290503157931498,-0.38773130883169793,1,0.017338102900892157,0.24792959886131344,0.1316742302080865,0.49792529445822836
2000,0.99,0.9899559134271763,MLP,4,0.8157355655711498,0.22228564963413872,0.38005569228823793,1.2514154388540617,0.8713597465658238,7.191887127102366,-0.1842644344288502,1,0.01305255607357644,0.25444795511408835,0.11424778367030339,0.5044283448757497
5000,0.75,0.7509924816174206,Oracle,0,0.9416070495749952,0.07857785601170221,0.7875944517920589,1.0956196473579316,0.3080251955658727,4.095231172468191,-0.05839295042500481,1,0.0,0.0,0.0,0.0
5000,0.75,0.7428106202214658,Oracle,1,1.0038849374424843,0.07898017512574786,0.8490837941960185,1.15868608068895,0.30960228649293153,4.109671527491189,0.003884937442484304,1,0.0,0.0,0.0,0.0
5000,0.75,0.7519075015107263,Oracle,2,1.0718550990454765,0.07437356255926977,0.9260829164293077,1.2176272816616454,0.2915443652323376,3.9891231870628623,0.07185509904547649,1,0.0,0.0,0.0,0.0
5000,0.75,0.75725980473635,Oracle,3,0.992762095552114,0.0735799353183944,0.8485454223280611,1.136978768776167,0.2884333464481059,4.07492120276185,-0.007237904447885968,1,0.0,0.0,0.0,0.0
5000,0.75,0.7484716882123942,Oracle,4,0.9398262608709868,0.07755507766546618,0.787818308646673,1.0918342130953005,0.30401590444862747,4.097964586421604,-0.06017373912901325,1,0.0,0.0,0.0,0.0
5000,0.75,0.7399747077271022,OLS,0,1.3363631802040852,0.07055856869028886,1.198068385571119,1.4746579748370514,0.27658958926593247,1.2647525807484121,0.3363631802040852,0,0.07063670524026291,1.4542704127258737,0.26577566713351114,1.2059313466055495
5000,0.75,0.7551418104698446,OLS,1,1.3059047443910217,0.06926630362047438,1.170142789294892,1.4416666994871514,0.2715239101922595,1.2789701451187283,0.30590474439102167,0,0.06946394968198354,1.4809775976271131,0.263560144335185,1.2169542298817624
5000,0.75,0.7553004611542531,OLS,2,1.4222234493027428,0.07073510031611649,1.2835826526831544,1.5608642459223312,0.2772815932391768,1.2739785107112238,0.4222234493027428,0,0.07336356633057921,1.5542472854848277,0.270857095772991,1.2466945437775958
5000,0.75,0.752891750441187,OLS,3,1.3684430917678143,0.07244149826935031,1.2264577551598876,1.510428428375741,0.28397067321585334,1.2682234537643857,0.3684430917678143,0,0.07040606331277548,1.5649610531308287,0.2653414089673443,1.2509840339232265
5000,0.75,0.749175963523478,OLS,4,1.3152789064025854,0.0700837725678209,1.1779147121696565,1.4526431006355143,0.2747283884658578,1.2865599844266518,0.3152789064025854,0,0.07042699276498546,1.4671101190754925,0.2653808447589717,1.2112432121896464
5000,0.75,0.7540107809701501,Lasso,0,1.2826870801755028,0.07345255281793463,1.1387200766523509,1.4266540836986548,0.2879340070463039,1.3076923790350228,0.2826870801755028,0,0.07099816078072957,1.5979649465055548,0.2664548006336714,1.2641063825903083
5000,0.75,0.7665847512866014,Lasso,1,1.3508147465640947,0.0734756625597633,1.2068024479469586,1.4948270451812309,0.2880245972342723,1.294038142000485,0.3508147465640947,0,0.06942717746452619,1.5874310060659402,0.26349037451968943,1.2599329371303618
5000,0.75,0.7406182537299532,Lasso,2,1.357708675552548,0.06985891219609157,1.2207852076482086,1.4946321434568874,0.2738469358086788,1.3107644496314612,0.35770867555254804,0,0.0697602157049108,1.4451725169631686,0.2641215926517762,1.2021532834722737
5000,0.75,0.7376447415122035,Lasso,3,1.2553078603694032,0.07294462463888905,1.1123363960771806,1.3982793246616259,0.28594292858444526,1.2828510146332621,0.25530786036940323,0,0.07007273752686752,1.5634701627097332,0.264712556420861,1.2503880048647833
5000,0.75,0.7538030422445731,Lasso,4,1.4278458876833888,0.07549261958757864,1.2798803532917347,1.575811422075043,0.2959310687833083,1.2697418935149334,0.4278458876833888,0,0.06993699053404126,1.504221012463922,0.26445602760013104,1.226466881927075
5000,0.75,0.7416978211754328,RF_Tuned,0,0.7855305795012121,0.06495068350514294,0.658227239831132,0.9128339191712922,0.25460667934016024,2.5315871266242107,-0.21446942049878792,0,0.019133593364487105,0.16384999176913864,0.13832423274497893,0.4047838827931995
5000,0.75,0.7433675838831045,RF_Tuned,1,0.9120799769013678,0.06625420614054203,0.7822217328659054,1.0419382209368302,0.25971648807092484,2.562056290136095,-0.08792002309863223,1,0.019783197191440262,0.18301531784564815,0.14065275394189855,0.42780289602297944
5000,0.75,0.7663387748824059,RF_Tuned,2,0.8610110051387041,0.0658876675885781,0.731871176665091,0.9901508336123171,0.2582796569472261,2.4947905365308896,-0.1389889948612959,0,0.020526373358651914,0.17432220565735274,0.14327028079351248,0.4175191081344095
5000,0.75,0.7489505504475956,RF_Tuned,3,0.7706235482955976,0.06552010413377127,0.642204144193406,0.8990429523977893,0.2568388082043833,2.5158509684579253,-0.22937645170440235,0,0.02041351484196094,0.18433143073805144,0.14287587214768258,0.4293383639252978
5000,0.75,0.7551265769853539,RF_Tuned,4,0.780133998406843,0.06792380104971532,0.647003348349401,0.9132646484642851,0.26626130011488414,2.4777953384243063,-0.21986600159315695,0,0.020557970951667684,0.1735928610675444,0.1433805110594452,0.4166447660388216
5000,0.75,0.7501849335713265,MLP,0,0.8863520770152831,0.0687346128757503,0.7516322357788124,1.0210719182517536,0.26943968247294114,2.783954208291521,-0.11364792298471693,1,0.014204180515441311,0.14775821125419714,0.1191812926404195,0.38439330282172857
5000,0.75,0.7425364811546242,MLP,1,0.822780659523467,0.07228335039773268,0.681105292743911,0.9644560263030231,0.2833507335591121,2.985074340965303,-0.17721934047653298,0,0.013098762989362996,0.17181886827982504,0.11444982738896113,0.41451039586459715
5000,0.75,0.7414661585028207,MLP,2,0.9138030635065542,0.06868315563793777,0.7791840784561961,1.0484220485569122,0.26923797010071615,2.825393253741491,-0.08619693649344584,1,0.013658777347952298,0.1452002690733026,0.11687077200032649,0.3810515307321342
5000,0.75,0.762230428153378,MLP,3,1.024237963022316,0.07155652058990669,0.8839871826660989,1.1644887433785331,0.28050156071243426,2.866455056539484,0.024237963022315956,1,0.012955712152326842,0.15387590360747247,0.11382316175685352,0.3922701920965605
5000,0.75,0.7559981909824607,MLP,4,0.8936702768091974,0.0711075928362948,0.7542993948500596,1.0330411587683352,0.27874176391827565,3.0009917291237653,-0.10632972319080258,1,0.012910810517042489,0.15519626041928142,0.11362574759728751,0.3939495658320763
5000,0.9,0.888471199526873,Oracle,0,1.1356161269872793,0.1343889844961034,0.8722137173749167,1.399018536599642,0.5268048192247252,10.110399612983251,0.13561612698727932,1,0.0,0.0,0.0,0.0
5000,0.9,0.9041461069014597,Oracle,1,0.7778037801346125,0.13525986106212826,0.5126944524528412,1.0429131078163838,0.5302186553635426,10.377952112021791,-0.2221962198653875,1,0.0,0.0,0.0,0.0
5000,0.9,0.9044119596462316,Oracle,2,1.0978810201107607,0.12991269558707152,0.8432521367601005,1.352509903461421,0.5092577667013205,9.540094286169797,0.09788102011076072,1,0.0,0.0,0.0,0.0
5000,0.9,0.9133967821952157,Oracle,3,0.8047481474651532,0.13217447037294386,0.5456861855341832,1.0638101093961232,0.51812392386194,9.556430683305587,-0.19525185253484678,1,0.0,0.0,0.0,0.0
5000,0.9,0.8984939807590896,Oracle,4,1.152699488801811,0.1327809925714354,0.8924487433617976,1.4129502342418243,0.5205014908800267,10.332689691181304,0.15269948880181095,1,0.0,0.0,0.0,0.0
5000,0.9,0.8952691971863971,OLS,0,1.4067865164077087,0.07930268194707256,1.2513532597914465,1.5622197730239709,0.31086651323252434,1.3582483947675368,0.4067865164077087,0,0.07127396236768356,1.4686143790203976,0.26697183815467046,1.211864010118461
5000,0.9,0.8908020246289421,OLS,1,1.4637338744722006,0.08200539100378719,1.3030033081047776,1.6244644408396236,0.321461132734846,1.33925219265386,0.4637338744722006,0,0.07156647530106025,1.4763486750636283,0.2675191120295151,1.2150508940219864
5000,0.9,0.8988603196146983,OLS,2,1.2931453655138496,0.07814574629510646,1.139979702775441,1.4463110282522582,0.3063313254768172,1.3703205540946368,0.2931453655138496,0,0.07162833640974323,1.4723609400724165,0.26763470703506154,1.2134088099533547
5000,0.9,0.900599152778891,OLS,3,1.4304382485717773,0.08173107135738841,1.270245348711296,1.5906311484322586,0.3203857997209627,1.372987785063438,0.43043824857177726,0,0.06904401799596203,1.3792478392822471,0.262762284196119,1.1744138279508833
5000,0.9,0.8869332439050065,OLS,4,1.42065814243397,0.080441871927114,1.2629920734568265,1.5783242114111133,0.31533213795428683,1.3439048083199099,0.42065814243396993,0,0.07115648218609576,1.5663425420941515,0.26675172386714907,1.2515360730295197
5000,0.9,0.9132672150295337,Lasso,0,1.3143992921962075,0.07976105233923025,1.1580676296113164,1.4707309547810987,0.31266332516978235,1.3674488090425228,0.31439929219620755,0,0.07045482525229976,1.4436488931070621,0.2654332783437295,1.2015194102082005
5000,0.9,0.9120976543356376,Lasso,1,1.389149883437522,0.08181448920441181,1.2287934845968749,1.5495062822781691,0.32071279768129424,1.3604849362901883,0.389149883437522,0,0.06827531176300593,1.4812752882538514,0.26129544918158437,1.2170765334414477
5000,0.9,0.8923207040549728,Lasso,2,1.3738841529959471,0.07906463444911076,1.2189174694756901,1.5288508365162041,0.309933367040514,1.3482898773910454,0.3738841529959471,0,0.07249681784481746,1.525546948376479,0.26925233117805586,1.2351303365946766
5000,0.9,0.8906534865869625,Lasso,3,1.3232122593601843,0.0836688268440842,1.1592213587457794,1.4872031599745892,0.3279818012288098,1.353023632795252,0.3232122593601843,0,0.07053340310432238,1.4719744153851517,0.2655812551825192,1.2132495272552763
5000,0.9,0.9051825356381424,Lasso,4,1.2856024180281183,0.07996563517422209,1.128869773086643,1.4423350629695935,0.3134652898829504,1.3690372362712329,0.28560241802811825,0,0.07308317209970269,1.5579352059822216,0.2703389947819269,1.248172746851261
5000,0.9,0.8998299198555462,RF_Tuned,0,0.7002191657711254,0.08959966733173907,0.5246038178009168,0.875834513741334,0.3512306959404172,3.780147897811312,-0.2997808342288746,0,0.017268262303487273,0.16712665930991574,0.13140876037573473,0.4088112759084756
5000,0.9,0.9004390354009622,RF_Tuned,1,0.7523457416933321,0.09645659644133674,0.5632908126683122,0.9414006707183521,0.37810985805003994,3.8589041907944823,-0.24765425830666787,0,0.017708885308505336,0.17571766018861026,0.13307473580099768,0.41918690364634514
5000,0.9,0.8972647350435301,RF_Tuned,2,0.6599013786618659,0.09198645603535721,0.4796079248325658,0.8401948324911661,0.3605869076586003,3.6527229068771327,-0.34009862133813407,0,0.019870676382565674,0.1813369165120332,0.14096338667386532,0.4258367251800075
5000,0.9,0.8889841031097809,RF_Tuned,3,0.7179169535824684,0.09255967372891198,0.5364999930738009,0.8993339140911359,0.362833921017335,3.9401762752679512,-0.28208304641753157,0,0.0166010154300117,0.17028115920582035,0.1288449278396775,0.41265137732209295
5000,0.9,0.8978344192235819,RF_Tuned,4,0.8015758370417997,0.08900423474335423,0.6271275369448254,0.976024137138774,0.34889660019394864,3.586293109654712,-0.1984241629582003,0,0.01859791702049793,0.17227095293927724,0.13637418018267947,0.415055361294463
5000,0.9,0.8965138425817908,MLP,0,0.707258683995444,0.11482800416573445,0.48219579583060446,0.9323215721602836,0.4501257763296791,5.932520661763797,-0.292741316004556,0,0.007826625868460974,0.15378345373096244,0.08846821953934064,0.39215233485338635
5000,0.9,0.903329220224352,MLP,1,0.8856329063362167,0.10935137218093817,0.6713042168615779,1.0999615958108555,0.4286573789492776,5.596543907310935,-0.11436709366378328,1,0.008686209941911964,0.17295655133844198,0.09319983874402339,0.4158804531814906
5000,0.9,0.8869541392246287,MLP,2,0.8884157284849529,0.10973638136363291,0.6733324210122323,1.1034990359576733,0.43016661494544095,5.6149342259638875,-0.11158427151504713,1,0.007978587629711962,0.1509175568819002,0.08932294010897739,0.38848108947785376
5000,0.9,0.897160822593241,MLP,3,0.805078910320892,0.11512369288203725,0.5794364722720989,1.0307213483696849,0.45128487609758594,5.823468347240614,-0.19492108967910804,1,0.007855441730136607,0.15990382442804943,0.08863092987290953,0.39987976246373036
5000,0.9,0.9152917003163749,MLP,4,1.0961079444701662,0.11315892891927684,0.8743164437883837,1.3178994451519488,0.4435830013635651,5.822313062308448,0.09610794447016624,1,0.007914697546265548,0.15720529758539395,0.08896458591071814,0.3964912326715358
5000,0.95,0.9574240706421594,Oracle,0,0.7033061199735339,0.19977717765208036,0.31174285177545635,1.0948693881716114,0.783126536396155,20.20667525866876,-0.29669388002646613,1,0.0,0.0,0.0,0.0
5000,0.95,0.9610672176081716,Oracle,1,0.6516860304611282,0.18965029061087824,0.2799714608638068,1.0234006000584495,0.7434291391946426,20.161039844385353,-0.34831396953887184,1,0.0,0.0,0.0,0.0
5000,0.95,0.9427906812211426,Oracle,2,1.274691805151766,0.18876411398334125,0.9047141417444171,1.6446694685591148,0.7399553268146977,19.10919344434278,0.27469180515176594,1,0.0,0.0,0.0,0.0
5000,0.95,0.9417861964777872,Oracle,3,0.7941911745929858,0.193241819184039,0.41543720899226944,1.1729451401937023,0.7575079312014329,19.971097279369616,-0.20580882540701417,1,0.0,0.0,0.0,0.0
5000,0.95,0.9573593735479473,Oracle,4,1.342948950086822,0.1968816914208278,0.9570608349019994,1.7288370652716445,0.771776230369645,19.6660794955846,0.3429489500868219,1,0.0,0.0,0.0,0.0
5000,0.95,0.9583998152351907,OLS,0,1.3316930987812026,0.08996448667059778,1.155362704906831,1.5080234926555742,0.3526607877487433,1.3968245737106784,0.33169309878120257,0,0.06921649580411206,1.4784168410942196,0.2630902807100864,1.2159016576574848
5000,0.95,0.95577496182384,OLS,1,1.5098247613989821,0.08786583230754215,1.3376077300761995,1.6820417927217648,0.3444340626455653,1.391699913912257,0.5098247613989821,0,0.07133227832543598,1.5888757893933116,0.2670810332566429,1.2605061639648223
5000,0.95,0.9459879618932607,OLS,2,1.422240407923124,0.0874342438305714,1.2508692900152039,1.593611525831044,0.34274223581584007,1.4258056676476274,0.4222404079231239,0,0.07089609575705183,1.4446537091893685,0.26626320766687206,1.2019374813980004
5000,0.95,0.95522178101647,OLS,3,1.5589630096429932,0.08405010398936763,1.3942248058238327,1.7237012134621537,0.329476407638321,1.4181297420869272,0.5589630096429932,0,0.06998933527439759,1.5023140673412898,0.2645549759017917,1.2256892213531494
5000,0.95,0.9392734249343436,OLS,4,1.5058374544828923,0.0846218860049591,1.3399785579131724,1.6716963510526122,0.3317177931394397,1.3664758324570054,0.5058374544828923,0,0.06925525152127496,1.5230216119479303,0.2631639251897474,1.2341076176525005
5000,0.95,0.9544179802412619,Lasso,0,1.609848805157445,0.08493126636439383,1.4433835230832333,1.776314087231657,0.3329305641484237,1.381444024910167,0.6098488051574451,0,0.0691749354675486,1.5364738313570374,0.26301128391677153,1.239545816562275
5000,0.95,0.953630944237836,Lasso,1,1.5060498136226703,0.08588774609847828,1.337709831269653,1.6743897959756877,0.3366799647060348,1.3974293562548288,0.5060498136226703,0,0.06882014705901035,1.5021559302243603,0.26233594313210373,1.225624710188384
5000,0.95,0.9506062619326252,Lasso,2,1.5682626541048676,0.08557968341714084,1.4005264746072716,1.7359988336024637,0.335472358995192,1.385672908322197,0.5682626541048676,0,0.07207505680418205,1.5188744665169616,0.26846798096641256,1.232426251958697
5000,0.95,0.9540888203191676,Lasso,3,1.4201491446181864,0.08547183853157235,1.2526243410963045,1.5876739481400683,0.33504960704376385,1.3971632289317228,0.4201491446181864,0,0.07203177428160887,1.534561250520534,0.26838735864717783,1.238774091802268
5000,0.95,0.9687566256039866,Lasso,4,1.5817766359259053,0.08605863414777058,1.413101712996275,1.7504515588555356,0.33734984585926053,1.3869936595294652,0.5817766359259053,0,0.07227137204079372,1.5304691269347772,0.26883335366132255,1.237121306475148
5000,0.95,0.9466011799366834,RF_Tuned,0,0.7620646869007591,0.10185846313492507,0.562422099156306,0.9617072746452122,0.3992851754889062,4.357764387942766,-0.23793531309924087,0,0.01795922202467745,0.16498527249270298,0.13401202194085965,0.4061837915189416
5000,0.95,0.9534382159039048,RF_Tuned,1,0.5667794270846901,0.1000937685739577,0.370595640679733,0.7629632134896471,0.39236757280991413,4.398054953962737,-0.4332205729153099,0,0.018230023867799497,0.16805951568687885,0.135018605635666,0.4099506259135103
5000,0.95,0.9518090590839459,RF_Tuned,2,0.5114061725299383,0.09596069716616233,0.3233232060842601,0.6994891389756164,0.3761659328913563,4.3772338307464445,-0.48859382747006175,0,0.018608555341231077,0.1794868616506556,0.13641317876668324,0.42365889775933613
5000,0.95,0.9562542572189228,RF_Tuned,3,0.6213647137634148,0.10543458287466376,0.4147129313290739,0.8280164961977559,0.41330356486868197,4.413402765440419,-0.37863528623658516,0,0.018655213678665582,0.17839190461894933,0.1365840901374153,0.4223646583450719
5000,0.95,0.9445715456843299,RF_Tuned,4,0.6453420769845349,0.10238240280598118,0.4446725674848118,0.8460115864842581,0.4013390189994463,4.603836685962339,-0.35465792301546506,0,0.017795437218235448,0.1669322103719808,0.1333995397976899,0.4085733843166743
5000,0.95,0.9542198328530348,MLP,0,0.7257005006257402,0.1499642836090182,0.4317705047520645,1.0196304964994158,0.5878599917473513,9.285236389522995,-0.2742994993742598,1,0.006381960856410543,0.17703919357174328,0.07988717579443239,0.420760256644735
5000,0.95,0.9573600132073246,MLP,1,1.1319776807429547,0.14851131441454896,0.8408955044904387,1.4230598569954707,0.582164352505032,9.395247552615846,0.13197768074295468,1,0.005942662222015735,0.156782879677867,0.07708866467915848,0.39595817920314136
5000,0.95,0.9459467718850192,MLP,2,0.9795648376401804,0.14656329006105343,0.6923007891205157,1.2668288861598451,0.5745280970393294,9.417206923287644,-0.02043516235981957,1,0.005706478784650561,0.1507206809520775,0.07554123896687531,0.3882276148757034
5000,0.95,0.9542174858570803,MLP,3,1.176195707186644,0.14173528504313493,0.8983945485020995,1.4539968658711886,0.555602317369089,9.505671802976005,0.176195707186644,1,0.005812278246580436,0.14477765506365375,0.07623829907979608,0.3804965900815062
5000,0.95,0.9534142317826704,MLP,4,0.8108036647794195,0.14262528788497697,0.5312581005248647,1.0903492290339742,0.5590911285091096,8.9020454022088,-0.18919633522058055,1,0.006433883229374662,0.15235208949704593,0.08021149063179578,0.39032305785982707
5000,0.98,0.9793876676411343,Oracle,0,1.3822305092453733,0.32176576304419335,0.7515696136787543,2.012891404811992,1.2613217911332377,51.109251987043216,0.3822305092453733,1,0.0,0.0,0.0,0.0
5000,0.98,0.9847800519553342,Oracle,1,1.3990483865116545,0.30053995757242785,0.809990069669696,1.988106703353613,1.178116633683917,47.72741568215239,0.39904838651165453,1,0.0,0.0,0.0,0.0
5000,0.98,0.9715340017790229,Oracle,2,0.6987558871310591,0.32466795074174254,0.06240670367724366,1.3351050705848744,1.2726983669076306,49.34301950630384,-0.3012441128689409,1,0.0,0.0,0.0,0.0
5000,0.98,0.9811240188792897,Oracle,3,0.12869338742906147,0.3148577962984195,-0.4884278933158407,0.7458146681739636,1.2342425614898043,51.08157726582767,-0.8713066125709386,0,0.0,0.0,0.0,0.0
5000,0.98,0.9769889257744523,Oracle,4,1.1408170528503905,0.32210499910643214,0.5094912546017835,1.7721428510989976,1.2626515964972143,51.269067139566054,0.14081705285039048,1,0.0,0.0,0.0,0.0
5000,0.98,0.9744903144298985,OLS,0,1.484287443985633,0.0863142099826277,1.3151115924196828,1.6534632955515833,0.33835170313190055,1.3862236211960262,0.48428744398563306,0,0.07140006599017804,1.4831841072787502,0.26720790779873643,1.2178604629754388
5000,0.98,0.9837520395018267,OLS,1,1.3088611640758796,0.08363037391195194,1.1449456312084538,1.4727766969433054,0.32783106573485155,1.3888900515321196,0.3088611640758796,0,0.07123368961577141,1.4231381921710773,0.266896402403201,1.1929535582624653
5000,0.98,0.9814257686757961,OLS,2,1.3836111113470893,0.08479598875543634,1.217410973386434,1.5498112493077445,0.3324002759213105,1.4171583404171575,0.38361111134708925,0,0.06977901395340975,1.5508886057728788,0.2641571766078101,1.245346781331561
5000,0.98,0.9733047399547334,OLS,3,1.536351407029508,0.08861216503869901,1.362671563553658,1.7100312505053579,0.34735968695169994,1.4034242262429286,0.5363514070295079,0,0.07048125007559536,1.7141617796309416,0.2654830504487911,1.30926001223246
5000,0.98,0.987360533343385,OLS,4,1.4262399610918104,0.08589030381050623,1.2578949656232181,1.5945849565604027,0.33668999093718455,1.4194452051301205,0.4262399610918104,0,0.06920393257842974,1.421667980295335,0.2630664033631618,1.1923371923643642
5000,0.98,0.974684173622192,Lasso,0,1.3972921041523843,0.09061481119769547,1.219687074204901,1.5748971340998674,0.35521005989496635,1.424530982604496,0.39729210415238425,0,0.06897976390592298,1.509221149294921,0.26263998915992015,1.2285036220113155
5000,0.98,0.9822554662029731,Lasso,1,1.502735709579446,0.09265982573262464,1.3211224511435018,1.6843489680153902,0.36322651687188845,1.410950168232006,0.502735709579446,0,0.07250639215386413,1.5967921080238354,0.26927011002683554,1.2636423972088922
5000,0.98,0.9818021769310371,Lasso,2,1.4883097069771027,0.08589032035572784,1.3199646790798762,1.6566547348743292,0.336690055794453,1.3859378509563003,0.48830970697710274,0,0.06927023678688983,1.5217279577393368,0.263192395002002,1.2335833809432326
5000,0.98,0.978876022353722,Lasso,3,1.4153163513218938,0.0869148625690777,1.2449632206865016,1.585669481957286,0.3407062612707845,1.4459283228810509,0.4153163513218938,0,0.06871016473415932,1.4702538175459572,0.2621262381642847,1.2125402333720547
5000,0.98,0.9889165707840483,Lasso,4,1.4355195327968946,0.09087188097579675,1.2574106460843328,1.6136284195094563,0.3562177734251235,1.400680453086381,0.4355195327968946,0,0.0685150701951696,1.5830071718981584,0.26175383511071926,1.2581761291242806
5000,0.98,0.9790193491468059,RF_Tuned,0,0.7226155256030596,0.11048260386282845,0.5060696220319159,0.9391614291742034,0.43309180714228757,5.115474270212655,-0.27738447439694036,0,0.017501387488487886,0.17408746165976433,0.13229280966283802,0.4172378957618355
5000,0.98,0.9794954256863213,RF_Tuned,1,0.6408318466320191,0.10478237393648183,0.43545839371651474,0.8462052995475234,0.4107469058310087,4.881423217767599,-0.3591681533679809,0,0.018989880504180327,0.16888623535625077,0.1378037753625797,0.4109577050698171
5000,0.98,0.9763222234391582,RF_Tuned,2,0.5668427166122,0.10855570509019365,0.35407353463542046,0.7796118985889795,0.42553836395355904,5.054331265945561,-0.4331572833878,0,0.017690465630998645,0.16657716079577894,0.1330055097768459,0.408138653885881
5000,0.98,0.9865507258350363,RF_Tuned,3,0.6750928851336144,0.10845205326914473,0.4625268607260907,0.8876589095411381,0.4251320488150474,5.045079370548258,-0.32490711486638557,0,0.018946946902071424,0.16925310931839288,0.1376479091816197,0.41140382754465576
5000,0.98,0.9871194985069323,RF_Tuned,4,0.49859121821046015,0.114571905000787,0.27403028440891763,0.7231521520120027,0.44912186760308503,5.3279857747640555,-0.5014087817895398,0,0.01690863832149957,0.18244840849369018,0.1300332200689484,0.42713979970694627
5000,0.98,0.9795015621618773,MLP,0,0.7874633807112159,0.18720338906121534,0.42054473815123383,1.1543820232711979,0.733837285119964,14.602575263397178,-0.2125366192887841,1,0.004828410620577512,0.15095348831176394,0.06948676579448429,0.3885273327730804
5000,0.98,0.9861952579286368,MLP,1,0.8603505172067504,0.19726471567460063,0.47371167448453316,1.2469893599289676,0.7732776854444345,16.378520343350772,-0.13964948279324962,1,0.00408071278511498,0.15177456379046383,0.06388045698893348,0.38958255067503195
5000,0.98,0.9811697595385335,MLP,2,1.0816605179921122,0.19014437231259787,0.7089775482594203,1.454343487724804,0.7453659394653838,15.086884818768928,0.08166051799211216,1,0.0046775346051155155,0.15539942334012352,0.06839250401261468,0.39420733547224046
5000,0.98,0.9808441435932812,MLP,3,1.0649571574673589,0.19456965007922683,0.6836006433120743,1.4463136716226435,0.7627130283105692,16.195173853784336,0.06495715746735886,1,0.004415648299261549,0.1527108931411298,0.06645034461356501,0.3907824115043176
5000,0.98,0.9890646875077745,MLP,4,1.0002006300905264,0.19838484976166015,0.6113663245576725,1.3890349356233802,0.7776686110657077,17.48727511586291,0.00020063009052639913,1,0.0037331422270429,0.14520856875262245,0.06109944539063264,0.381062421071171
5000,0.99,0.9918346215399866,Oracle,0,1.2830578847002838,0.4458545774700214,0.40918291285904196,2.1569328565415256,1.7477499436824835,97.60921361305851,0.2830578847002838,1,0.0,0.0,0.0,0.0
5000,0.99,0.9881951900546652,Oracle,1,1.0801797346904163,0.42906776051151657,0.23920692408784383,1.9211525452929887,1.681945621205145,99.8807362180909,0.08017973469041628,1,0.0,0.0,0.0,0.0
5000,0.99,0.9925353070287853,Oracle,2,1.1380089547734906,0.45418334972561397,0.24780958931128727,2.028208320235694,1.780398730924407,104.19731185016822,0.13800895477349062,1,0.0,0.0,0.0,0.0
5000,0.99,0.9916826293036305,Oracle,3,1.4637733757434646,0.4448639336875209,0.5918400657159236,2.3357066857710054,1.7438666200550816,103.63241972346708,0.46377337574346456,1,0.0,0.0,0.0,0.0
5000,0.99,0.9895179175464494,Oracle,4,1.2976086801172424,0.45006098399283817,0.41548915149127963,2.1797282087432053,1.7642390572519258,100.23180988132796,0.2976086801172424,1,0.0,0.0,0.0,0.0
5000,0.99,0.9868211944935256,OLS,0,1.5391718425167698,0.09058364368774352,1.3616279008887924,1.7167157841447471,0.35508788325595475,1.4227558264029698,0.5391718425167698,0,0.07077772638439822,1.5683048442610732,0.26604083593388106,1.252319785143185
5000,0.99,0.9902522362270703,OLS,1,1.45552337319118,0.08996497926747649,1.2791920138269262,1.631854732555434,0.35266271872850785,1.4252001135812242,0.4555233731911801,0,0.06748237510394688,1.509503807252452,0.25977369979262116,1.2286186581899414
5000,0.99,0.9895546353383536,OLS,2,1.5486020176049657,0.09154539281336402,1.3691730476907722,1.7280309875191593,0.3588579398283871,1.4066818878287313,0.5486020176049657,0,0.07034773531606747,1.6312622666343166,0.2652314749724615,1.2772087795792497
5000,0.99,0.9951405481061283,OLS,3,1.5086372720970087,0.08710112646355717,1.3379190642284366,1.6793554799655808,0.3414364157371441,1.4035358116028926,0.5086372720970087,0,0.07212930659145891,1.5199076412908137,0.26856899782264315,1.2328453436221487
5000,0.99,0.9907348914251088,OLS,4,1.411769827057083,0.08854875037935572,1.238214276313546,1.5853253778006202,0.34711110148707425,1.4645539890264347,0.4117698270570831,0,0.06872974754289717,1.4476808384153304,0.2621635892775676,1.203196093085134
5000,0.99,0.9946780101457382,Lasso,0,1.4037755564275143,0.08272154952266075,1.2416413193630993,1.5659097934919293,0.32426847412883,1.3898369963582662,0.4037755564275143,0,0.07140879179437494,1.4104545064329754,0.2672242350431093,1.1876255750163751
5000,0.99,0.9944530630305708,Lasso,1,1.3969349442209278,0.08495538740953985,1.2304223848982296,1.563447503543626,0.3330251186453963,1.4123683271939325,0.3969349442209278,0,0.06961264290909065,1.4125804588785817,0.26384207948902055,1.1885202812230768
5000,0.99,0.9883413962750897,Lasso,2,1.5143775536105482,0.08498909788976561,1.3477989217466075,1.6809561854744888,0.33315726372788124,1.3769914138533164,0.5143775536105482,0,0.07126193160318856,1.488796136004434,0.2669493053056864,1.220162340020554
5000,0.99,0.9907141721964133,Lasso,3,1.5091248033812585,0.08953703536807854,1.3336322140598247,1.6846173927026924,0.3509851786428677,1.4095392114877896,0.5091248033812585,0,0.06939606516306672,1.5263203792641011,0.263431329122158,1.2354433937919216
5000,0.99,0.9904631423100038,Lasso,4,1.5015572493893614,0.09311518397137797,1.3190514888054605,1.6840630099732623,0.3650115211678018,1.4447670520091618,0.5015572493893614,0,0.07063108956119361,1.6443854822566601,0.2657651022259951,1.282335947502315
5000,0.99,0.9946780101457382,RF_Tuned,0,0.50095239241776,0.1152535670518296,0.275055400996174,0.726849383839346,0.45179398284317207,5.11691933976258,-0.49904760758224,0,0.018544111706411747,0.173163938395018,0.136176766397252,0.4161297134248142
5000,0.99,0.9911648390400084,RF_Tuned,1,0.5329568165568614,0.11633110186733894,0.3049478568968771,0.7609657762168458,0.4560179193199687,5.407607075231073,-0.46704318344313855,0,0.01740066983497319,0.17322073643403185,0.1319115985612076,0.4161979534236465
5000,0.99,0.9918870261552313,RF_Tuned,2,0.5446001812234806,0.11512776874986862,0.3189497544737382,0.7702506079732231,0.4513008534994849,5.2728406941307275,-0.45539981877651936,0,0.018503044415756294,0.17139429648999466,0.13602589612186458,0.41399794261565437
5000,0.99,0.9891357031917392,RF_Tuned,3,0.5161847484230342,0.11120363846149815,0.2982256170384978,0.7341438798075706,0.43591826276907275,5.4199664453582255,-0.4838152515769658,0,0.018124811437168677,0.17345803396569298,0.1346284198717666,0.41648293358274957
5000,0.99,0.9922018441216115,RF_Tuned,4,0.5538211828366425,0.11227216597961362,0.3337677375165998,0.7738746281566852,0.44010689064008535,5.457495673622875,-0.4461788171633575,0,0.017345823673739196,0.17292486308068583,0.13170354465138437,0.4158423536397968
5000,0.99,0.9851655755744024,MLP,0,0.6886007924938918,0.23193479463347552,0.23400859501227983,1.1431929899755038,0.9091843949632239,23.125281763018,-0.31139920750610817,1,0.003579031241007438,0.16090103376414214,0.05982500514841129,0.40112471098667324
5000,0.99,0.9884049247169826,MLP,1,1.0381089172403966,0.22094040490419126,0.6050657236281818,1.4711521108526113,0.8660863872244295,20.831481760802763,0.038108917240396556,1,0.003949650724199427,0.13754091235394136,0.06284624669938076,0.3708650864585953
5000,0.99,0.9908550884326132,MLP,2,0.7257305299285575,0.23030665431472214,0.2743294874717021,1.1771315723854128,0.9028020849137106,22.278850621816893,-0.27426947007144253,1,0.003601138315930078,0.16447798600012692,0.06000948521633957,0.4055588563946384
5000,0.99,0.9953485400217273,MLP,3,0.745637811818128,0.20049537160115125,0.35266688347987163,1.1386087401563845,0.7859418566765128,16.375113766012614,-0.25436218818187195,1,0.0049873286724532295,0.15905170802036686,0.07062102146282812,0.39881287343861765
5000,0.99,0.9903979682498951,MLP,4,0.835244963686341,0.21472618382252165,0.41438164339419864,1.2561082839784834,0.8417266405842847,18.313960290570744,-0.16475503631365895,1,0.004321379397724034,0.15791015546354256,0.06573719949711908,0.39737910798574017
