dgp_type,n,target_overlap,sample_r2,learner,replication,theta_hat,se,ci_lower,ci_upper,ci_length,kappa_star,bias,coverage,rmse_m,rmse_l,mean_propensity,treatment_frac
binary,1000,0.99,0.14522227367343593,Oracle,0,0.9774543584058895,0.07507546402381651,0.8303064489192091,1.1246022678925698,0.29429581897336066,1.2120788573291543,-0.022545641594110544,1,0.0,0.0,0.6581836299802375,0.643
binary,1000,0.99,0.1499619280252134,Oracle,1,1.0199174192587293,0.0697679008382034,0.8831723336158506,1.156662504901608,0.27349017128575737,1.15958086016744,0.019917419258729252,1,0.0,0.0,0.6486676308429792,0.63
binary,1000,0.99,0.1540187558476374,Oracle,2,0.845381909732834,0.06866288758484389,0.71080265006654,0.979961169399128,0.26915851933258805,1.2013482828479813,-0.154618090267166,0,0.0,0.0,0.6558539773602303,0.652
binary,1000,0.99,0.14766444773598145,Oracle,3,0.9796850206335607,0.07057756095897691,0.8413530011539659,1.1180170401131555,0.27666403895918956,1.187750196519076,-0.020314979366439334,1,0.0,0.0,0.6541370933636955,0.662
binary,1000,0.99,0.1538577908429888,Oracle,4,1.0754004669536443,0.07450912006411067,0.9293625916279874,1.2214383422793014,0.29207575065131397,1.191179348855714,0.07540046695364433,1,0.0,0.0,0.6656536450421495,0.688
binary,1000,0.99,0.14993585246138524,OLS,0,1.1622018096811195,0.10201446972407002,0.9622534490219423,1.3621501703402967,0.3998967213183544,1.0329301837081655,0.16220180968111952,1,0.1670891749123786,1.2285178650098105,0.6655661311557313,0.662
binary,1000,0.99,0.1482674205642674,OLS,1,1.0101304071810047,0.10092963559772825,0.8123083214094573,1.207952492952552,0.3956441715430947,1.0365985731727714,0.010130407181004664,1,0.16038398811947988,1.2592234525979875,0.6665302139847483,0.652
binary,1000,0.99,0.1582257150551697,OLS,2,1.0210059694220974,0.0994740977777,0.8260367377778054,1.2159752010663893,0.38993846328858395,1.0318814511674064,0.021005969422097426,1,0.16486283969413407,1.1512112665960068,0.6516623495550103,0.674
binary,1000,0.99,0.14082737127614053,OLS,3,1.318920624288488,0.09724378701077428,1.1283228017473705,1.5095184468296057,0.38119564508223513,0.9922183538832092,0.3189206242884881,0,0.163434499591428,1.2112055245750242,0.6573168217223972,0.646
binary,1000,0.99,0.14818298351785605,OLS,4,1.1513968522257663,0.0929885131868692,0.9691393663795027,1.3336543380720298,0.3645149716925271,1.0447184112538022,0.15139685222576627,1,0.16503141381933667,1.2117968366638032,0.6517147433483523,0.649
binary,1000,0.99,0.14266387713025297,Lasso,0,1.2437081211503784,0.10003956830476846,1.0476305672730322,1.4397856750277247,0.39215510775469253,1.0425960209677245,0.24370812115037843,0,0.16140949740850366,1.183645357594713,0.6577015662833091,0.636
binary,1000,0.99,0.14235506434931824,Lasso,1,1.0795917359361,0.0933571587738198,0.8966117047394132,1.2625717671327867,0.36596006239337353,1.0250707836299358,0.07959173593610003,1,0.16323938487094214,1.1092576072323177,0.6507602667964693,0.644
binary,1000,0.99,0.15013512539770416,Lasso,2,1.0262260732409834,0.09856069417263466,0.8330471126626194,1.2194050338193474,0.38635792115672796,1.034973181865847,0.02622607324098336,1,0.16351682500829962,1.2367799801825314,0.659578465805861,0.661
binary,1000,0.99,0.14828304950678242,Lasso,3,1.2064172805525655,0.09226572973790803,1.0255764502662656,1.3872581108388653,0.36168166057259965,1.030924656294035,0.20641728055256547,0,0.16472630848377087,1.1656357212653425,0.6582685989239248,0.664
binary,1000,0.99,0.14959153819247037,Lasso,4,1.251268706917654,0.0997846629323584,1.0556907675702316,1.4468466462650764,0.3911558786948448,1.0313126439090832,0.251268706917654,0,0.16676685580494252,1.3370512524372429,0.6654288454185314,0.645
binary,1000,0.99,0.1434805633294098,RF_Tuned,0,0.8915340262362386,0.08634902498608053,0.7222899372635208,1.0607781152089564,0.3384881779454356,1.056901326735264,-0.10846597376376144,1,0.11587039436099238,0.7811144261938971,0.6485535362325411,0.666
binary,1000,0.99,0.14272299531242016,RF_Tuned,1,0.9484102867231823,0.08496243994576796,0.7818839044294771,1.1149366690168874,0.3330527645874103,1.0769160170295655,-0.05158971327681772,1,0.12171467476377475,0.8070345954422367,0.660642259420096,0.653
binary,1000,0.99,0.1459702949845129,RF_Tuned,2,1.1410381604707018,0.08080035321439785,0.9826694681704821,1.2994068527709217,0.31673738460043965,1.0949011201646373,0.14103816047070183,1,0.12205877578222903,0.8581490142927138,0.6494605938142417,0.648
binary,1000,0.99,0.1520045063508647,RF_Tuned,3,0.9120357051259682,0.08244931710349657,0.750435043603115,1.0736363666488216,0.3232013230457066,1.0735717506842777,-0.08796429487403179,1,0.12978160504845998,0.7894621680658263,0.6643251695812205,0.681
binary,1000,0.99,0.14602599228472327,RF_Tuned,4,0.9990403978092564,0.08825001504496,0.8260703683211348,1.172010427297378,0.34594005897624314,1.117758000935305,-0.0009596021907436469,1,0.12760458107203781,0.8411884759037829,0.6560816156443424,0.662
binary,1000,0.95,0.16477006485534407,Oracle,0,0.9587857201004079,0.0763696831538859,0.8091011411187915,1.108470299082024,0.2993691579632326,1.233895902999086,-0.04121427989959214,1,0.0,0.0,0.6689487114721057,0.653
binary,1000,0.95,0.17587186412929795,Oracle,1,0.9826658491052683,0.07109366946816524,0.8433222569476645,1.1220094412628723,0.2786871843152078,1.2165462796592108,-0.01733415089473167,1,0.0,0.0,0.6616378769018934,0.647
binary,1000,0.95,0.1621070895967133,Oracle,2,1.0858443728208267,0.07442478856163301,0.939971787240026,1.2317169584016274,0.2917451711616015,1.1813486883195148,0.08584437282082669,1,0.0,0.0,0.6721824741779802,0.662
binary,1000,0.95,0.16273553806144614,Oracle,3,0.9528763404118662,0.07289030654202884,0.8100113395894897,1.0957413412342427,0.28573000164475304,1.141466788811634,-0.047123659588133804,1,0.0,0.0,0.6645645788090082,0.675
binary,1000,0.95,0.16731596814584038,Oracle,4,1.099390151947577,0.0707250164127752,0.9607691197785376,1.2380111841166164,0.27724206433807874,1.1759914415325399,0.09939015194757705,1,0.0,0.0,0.6698688763021965,0.661
binary,1000,0.95,0.18560175861514996,OLS,0,1.0941832626409345,0.10056228973105318,0.8970811747680703,1.2912853505137987,0.3942041757457284,1.0638004656021827,0.09418326264093446,1,0.1726200982311474,1.1603194200912408,0.6614589062355304,0.672
binary,1000,0.95,0.1677466688030818,OLS,1,1.2421923726360993,0.10256631933968827,1.0411623867303104,1.4432223585418882,0.4020599718115778,0.9951323019395415,0.24219237263609927,0,0.1756745925102195,1.2420459594187203,0.6665999202615576,0.679
binary,1000,0.95,0.1710557894854279,OLS,2,1.2204595131711038,0.09706804243728624,1.0302061499940227,1.4107128763481849,0.38050672635416216,1.0361446227451696,0.2204595131711038,0,0.1729172216827632,1.1949466356316325,0.6611322311876171,0.682
binary,1000,0.95,0.17476850964088428,OLS,3,1.0823944100586431,0.09727409855652494,0.8917371768878543,1.273051643229432,0.38131446634157784,1.0358300318383622,0.08239441005864312,1,0.1737245555912684,1.2262453797921118,0.6716605383237073,0.675
binary,1000,0.95,0.16038287643463486,OLS,4,1.0495441634569291,0.10087533581840893,0.8518285052528476,1.2472598216610107,0.3954313164081631,1.0202888468093754,0.049544163456929136,1,0.17376625870123744,1.168184265497488,0.6620307063334776,0.646
binary,1000,0.95,0.15699061336474718,Lasso,0,1.1254735586694613,0.09768311848145382,0.9340146464458118,1.3169324708931107,0.38291782444729894,1.0618944093535927,0.1254735586694613,1,0.1707092275232247,1.2047375493834156,0.6691262586609291,0.633
binary,1000,0.95,0.16051609056008756,Lasso,1,1.1666371192197982,0.09838899672149179,0.9737946856456743,1.359479552793922,0.3856848671482478,1.0526269439621412,0.16663711921979818,1,0.1659355581152457,1.2295950625188803,0.6717727247841992,0.664
binary,1000,0.95,0.17167799789405608,Lasso,2,1.2092130114823534,0.09763741059045233,1.0178436867250669,1.40058233623964,0.38273864951457304,1.0446320011819528,0.20921301148235338,0,0.17136215956040315,1.298095176006272,0.6755665882596765,0.676
binary,1000,0.95,0.16883034557344542,Lasso,3,1.0723916492168155,0.09741859259628134,0.881451207728104,1.263332090705527,0.38188088297742295,1.0290992551208094,0.07239164921681551,1,0.17525488755236746,1.1737172539197656,0.6548568246678204,0.666
binary,1000,0.95,0.15908425850604038,Lasso,4,1.2964729920272422,0.10429008574723198,1.0920644239626676,1.5008815600918168,0.4088171361291493,1.0467242507028514,0.2964729920272422,0,0.16934357180192472,1.315828517392937,0.667674614962589,0.65
binary,1000,0.95,0.16559092115259572,RF_Tuned,0,1.0279558020030206,0.0806414991203744,0.8698984637270868,1.1860131402789544,0.31611467655186765,1.0757397924972372,0.027955802003020613,1,0.12321142206048144,0.781550843040082,0.6679410273956852,0.661
binary,1000,0.95,0.15804076326414285,RF_Tuned,1,1.213619787648251,0.08309140777838993,1.0507606284026068,1.3764789468938954,0.3257183184912886,1.1006012152098383,0.21361978764825107,0,0.12133260595538418,0.6951664251611192,0.6648778665274409,0.662
binary,1000,0.95,0.1679767518064678,RF_Tuned,2,0.9336785798589279,0.08208073026986068,0.772800348530001,1.0945568111878548,0.32175646265785374,1.0857257421856399,-0.06632142014107212,1,0.12155652218365647,0.7828326716691805,0.6744400378954968,0.667
binary,1000,0.95,0.17930309216055412,RF_Tuned,3,1.007539698644442,0.08265375659719093,0.8455383357139479,1.1695410615749362,0.3240027258609883,1.1549128225502823,0.007539698644442039,1,0.12408812471793504,0.8277536989414245,0.662297703039268,0.685
binary,1000,0.95,0.1719035201812083,RF_Tuned,4,0.9232759730368251,0.08329080475558652,0.7600259957158755,1.0865259503577747,0.3264999546418992,1.0940268388959196,-0.07672402696317493,1,0.1266718260320257,0.7257219129812315,0.6634706333897458,0.672
binary,1000,0.9,0.1893868890774824,Oracle,0,0.9156721729945215,0.06685393648301728,0.7846384574878077,1.0467058885012355,0.2620674310134278,1.1817520557202779,-0.08432782700547847,1,0.0,0.0,0.6825875790082258,0.684
binary,1000,0.9,0.1787599681282711,Oracle,1,1.1030828926792662,0.07621866022583089,0.9536943186366377,1.2524714667218948,0.2987771480852571,1.2557946702213982,0.10308289267926618,1,0.0,0.0,0.6706156839295035,0.665
binary,1000,0.9,0.17764048749548284,Oracle,2,0.9066975449972292,0.07425408476859346,0.761159538850786,1.0522355511436725,0.2910760122928865,1.1975215730809463,-0.09330245500277079,1,0.0,0.0,0.6707588927707079,0.677
binary,1000,0.9,0.20605253113387267,Oracle,3,1.0426602917881336,0.07465623559629482,0.8963340700193957,1.1889865135568713,0.29265244353747566,1.230756150791135,0.042660291788133575,1,0.0,0.0,0.6736025666057467,0.693
binary,1000,0.9,0.1732603621303923,Oracle,4,0.9969509749096693,0.07207112863090198,0.8556915627931014,1.1382103870262372,0.2825188242331358,1.2198415933691058,-0.0030490250903306704,1,0.0,0.0,0.6799888061261342,0.672
binary,1000,0.9,0.1963482099190868,OLS,0,1.1313276920355448,0.10435417597591608,0.9267935071227493,1.3358618769483404,0.409068369825591,1.0608425666665406,0.13132769203554484,1,0.17415524039491473,1.1266834546141626,0.654859860006723,0.688
binary,1000,0.9,0.17292943506846548,OLS,1,1.3514767138661021,0.0997433475544064,1.1559797526594655,1.5469736750727388,0.39099392241327324,1.0527946009169662,0.35147671386610213,0,0.17756104384512522,1.215582347204903,0.6707623940670366,0.663
binary,1000,0.9,0.18196873158662097,OLS,2,1.01961111785412,0.10154688311995451,0.8205792269390092,1.2186430087692308,0.3980637818302216,1.0633004032024043,0.019611117854120064,1,0.18437086152224885,1.2287678285350188,0.6686945935501327,0.646
binary,1000,0.9,0.1865143870371066,OLS,3,1.2828296501976968,0.10312383633606555,1.0807069309790083,1.4849523694163853,0.40424543843737704,1.0393489629889552,0.2828296501976968,0,0.177617537698531,1.2390541885049067,0.6933136352202108,0.718
binary,1000,0.9,0.196870750477795,OLS,4,1.2436769996476909,0.10603276081721934,1.035852788445941,1.4515012108494407,0.41564842240349975,1.057889774781427,0.24367699964769085,0,0.17911849992010315,1.3381461800718968,0.6729976671713923,0.686
binary,1000,0.9,0.18529552382513104,Lasso,0,1.1732725923260114,0.09133635260218705,0.9942533412257248,1.352291843426298,0.3580385022005732,1.0186381938020543,0.17327259232601144,1,0.18081917680200857,1.1925932550897231,0.670469225333849,0.674
binary,1000,0.9,0.18841249050717612,Lasso,1,1.4710432343509856,0.09634267013255018,1.2822116008911872,1.659874867810784,0.37766326691959673,1.0057087157604803,0.4710432343509856,0,0.18421653595306267,1.2727463273670403,0.6856413066249559,0.688
binary,1000,0.9,0.18515953613051647,Lasso,2,1.2097381539400953,0.09691449617897753,1.0197857414292995,1.3996905664508912,0.37990482502159173,1.0573745242064514,0.20973815394009532,0,0.17811396183728306,1.3143598889964399,0.6649141438308728,0.661
binary,1000,0.9,0.1914718782717166,Lasso,3,1.2993749806693116,0.0963169588117626,1.110593741398257,1.4881562199403662,0.3775624785421092,1.032379776975254,0.29937498066931156,0,0.1853739358419404,1.2280544214004518,0.6720860256111967,0.688
binary,1000,0.9,0.1836674875985961,Lasso,4,1.1967928778494594,0.0974158595662997,1.005857793099512,1.3877279625994068,0.3818701694998947,1.060052630200226,0.19679287784945942,0,0.1762382779681234,1.229170786842691,0.6759390114672212,0.677
binary,1000,0.9,0.1963482099190868,RF_Tuned,0,1.0603614865287108,0.0865124660966855,0.8907970529792072,1.2299259200782144,0.33912886709900725,1.0851934852018599,0.06036148652871076,1,0.12982354805433396,0.6197953785943131,0.654859860006723,0.688
binary,1000,0.9,0.17550665033255977,RF_Tuned,1,0.9677248753568858,0.08345108461148515,0.8041607495183749,1.1312890011953967,0.32712825167702175,1.0415453394142837,-0.03227512464311422,1,0.13220994440745515,0.7696733835613121,0.6755066424516809,0.673
binary,1000,0.9,0.20391613420713378,RF_Tuned,2,0.9613246412950053,0.08192823346310199,0.8007453037073253,1.1219039788826852,0.3211586751753599,1.1101377326309112,-0.03867535870499472,1,0.13102194879256368,0.7616376796884899,0.6722698515066993,0.699
binary,1000,0.9,0.17813655954922739,RF_Tuned,3,1.0797101441316772,0.08139220927287188,0.9201814139568483,1.2392388743065061,0.3190574603496579,1.0951722023166617,0.07971014413167721,1,0.122291665184601,0.5979569372443633,0.6795239598710557,0.673
binary,1000,0.9,0.1861965516866686,RF_Tuned,4,1.0407378070949909,0.07807409940447317,0.8877125722622234,1.1937630419277583,0.30605046966553484,1.135198922895747,0.04073780709499086,1,0.11481708476553437,0.6731981244636066,0.6818310828949079,0.689
binary,1000,0.8,0.19713888501609414,Oracle,0,0.992117759195474,0.0754840385150571,0.844169043705962,1.1400664746849858,0.29589743097902377,1.227988074578632,-0.007882240804526042,1,0.0,0.0,0.6859553004896932,0.683
binary,1000,0.8,0.1875584215181131,Oracle,1,1.078936584878053,0.07419688788462683,0.9335106846241844,1.2243624851319215,0.29085180050773707,1.2948116484521854,0.078936584878053,1,0.0,0.0,0.699251678426058,0.69
binary,1000,0.8,0.20736536858345644,Oracle,2,0.956460728026939,0.07517472430145927,0.8091182683960789,1.1038031876577992,0.29468491926172025,1.228902008020773,-0.043539271973060956,1,0.0,0.0,0.6858533306286275,0.715
binary,1000,0.8,0.19813074256998525,Oracle,3,0.9759587953307796,0.07190955120745426,0.8350160749641692,1.1169015156973898,0.28188544073322064,1.2974227605478836,-0.02404120466922044,1,0.0,0.0,0.6856751368252159,0.667
binary,1000,0.8,0.20656626554694993,Oracle,4,1.0461011870251231,0.07617850002823309,0.8967913269697863,1.19541104708046,0.2986197201106737,1.2772839158052882,0.046101187025123114,1,0.0,0.0,0.6872832873672716,0.685
binary,1000,0.8,0.20110310961817954,OLS,0,1.2303685692155595,0.09739682024289864,1.0394708015394782,1.4212663368916407,0.3817955353521625,1.012048120007478,0.23036856921555948,0,0.19218427963566223,1.1983408412178609,0.6777483436047521,0.669
binary,1000,0.8,0.20529289503622555,OLS,1,1.2503431131331462,0.10195403197321913,1.0505132104656367,1.4501730158006556,0.3996598053350189,1.0197621642225467,0.25034311313314617,0,0.19277849513044182,1.3681677412373157,0.6918205746775438,0.684
binary,1000,0.8,0.23262763299198885,OLS,2,1.1776784084667016,0.10667471958723637,0.9685959580757183,1.3867608588576847,0.41816490078196644,1.0335247327971888,0.17767840846670158,1,0.19394421985736207,1.3578808922106684,0.6969549906327609,0.732
binary,1000,0.8,0.22389120761696168,OLS,3,1.2456558866093486,0.09915914876598272,1.0513039550280223,1.4400078181906748,0.3887038631626525,1.061438925948858,0.24565588660934856,0,0.18957810316195883,1.2545337086374633,0.6889053485789687,0.694
binary,1000,0.8,0.21185063568262047,OLS,4,1.1189487283722295,0.0971427316571868,0.9285489743241433,1.3093484824203157,0.38079950809617236,1.0600126479611645,0.11894872837222947,1,0.18438799138176665,1.2793010315504623,0.6932000771147057,0.701
binary,1000,0.8,0.20180357023726786,Lasso,0,1.271240687352812,0.10147724756198614,1.072345282131319,1.4701360925743048,0.3977908104429857,1.0321386793304481,0.2712406873528119,0,0.18690426364409068,1.2305886034832718,0.6871884837651895,0.686
binary,1000,0.8,0.2080006455186912,Lasso,1,1.1574936145531665,0.09709906006432246,0.9671794568270944,1.3478077722792385,0.38062831545214415,1.045757808155328,0.15749361455316646,1,0.18106520949783564,1.263751705434108,0.6893541460254923,0.701
binary,1000,0.8,0.22112874231298849,Lasso,2,1.356285342646052,0.09953723323357794,1.1611923655082392,1.5513783197838646,0.3901859542756254,1.0447553635489606,0.35628534264605194,0,0.19307295247722858,1.1852292082918674,0.69281929530304,0.698
binary,1000,0.8,0.20636285873812643,Lasso,3,1.4467134044900898,0.10016060847869072,1.250398611871856,1.6430281971083236,0.3926295852364676,1.035951154707683,0.4467134044900898,0,0.19277707502323163,1.29155453669563,0.6832049325765713,0.698
binary,1000,0.8,0.2169516309337051,Lasso,4,1.1077910412743404,0.10244631413071995,0.9069962655781293,1.3085858169705515,0.40158955139242225,1.0375193885769913,0.10779104127434036,1,0.18984117778083623,1.194469214295946,0.6908322406680591,0.701
binary,1000,0.8,0.2080103388183991,RF_Tuned,0,0.8666567633425374,0.07976799884655027,0.7103114856032988,1.023002041081776,0.31269055547847713,1.1545406670967615,-0.13334323665746262,1,0.13058097643205743,0.5935205292000589,0.6901138000060661,0.699
binary,1000,0.8,0.20032513995601622,RF_Tuned,1,1.0079596278378318,0.08404717307967643,0.8432271686016659,1.1726920870739976,0.3294649184723317,1.118352583244034,0.007959627837831773,1,0.13719722483133873,0.6841591996050473,0.6843119493767209,0.691
binary,1000,0.8,0.21532203181844067,RF_Tuned,2,0.8184983577462126,0.08845991882024327,0.6451169168585358,0.9918797986338894,0.34676288177535364,1.1480421187051275,-0.1815016422537874,0,0.13240986511520939,0.6621039261268842,0.6874392327352862,0.688
binary,1000,0.8,0.20471688477460862,RF_Tuned,3,0.883096629522463,0.08394527771257669,0.7185638852058127,1.0476293738391134,0.32906548863330065,1.121815025706765,-0.11690337047753696,1,0.1388985717544137,0.638840436996579,0.6790577307019399,0.686
binary,1000,0.8,0.19990170440565205,RF_Tuned,4,0.9313311316383966,0.08495160987650385,0.7648259762804491,1.0978362869963443,0.33301031071589515,1.0874551544751394,-0.06866886836160335,1,0.1405468229403698,0.6524000970536808,0.68536861705661,0.687
binary,1000,0.7,0.22051928136470386,Oracle,0,1.0093091558599314,0.078273511813782,0.8558930727049187,1.162725239014944,0.3068321663100254,1.1794106396372426,0.009309155859931417,1,0.0,0.0,0.6866899993868986,0.703
binary,1000,0.7,0.2483980318273309,Oracle,1,0.8916736001679592,0.07399844637354443,0.7466366452758121,1.0367105550601061,0.29007390978429404,1.2353671596811922,-0.10832639983204084,1,0.0,0.0,0.6902101944029414,0.718
binary,1000,0.7,0.23629492247917866,Oracle,2,1.0544702327753883,0.07765501817323761,0.9022663971558427,1.206674068394934,0.3044076712390913,1.2786116381212282,0.054470232775388316,1,0.0,0.0,0.6992886709191168,0.709
binary,1000,0.7,0.23098227874394367,Oracle,3,1.0269832882936052,0.07885433816578535,0.8724287854886659,1.1815377910985445,0.30910900560987864,1.3309752153901746,0.02698328829360519,1,0.0,0.0,0.6857052914441004,0.684
binary,1000,0.7,0.2100722424389273,Oracle,4,1.0649134390311248,0.07374056667733522,0.9203819283435477,1.2094449497187019,0.28906302137515416,1.2780517448227036,0.06491343903112479,1,0.0,0.0,0.689119865577056,0.669
binary,1000,0.7,0.21135490684090547,OLS,0,1.3179941324348192,0.09980874936734607,1.122368983674821,1.5136192811948175,0.3912502975199965,1.0253430980876383,0.3179941324348192,0,0.19392171462723518,1.2274438487338222,0.6972481894100897,0.691
binary,1000,0.7,0.23441657586389972,OLS,1,1.1905181933701818,0.10444652701717899,0.985803000416511,1.3952333863238526,0.4094303859073416,1.052561424054584,0.19051819337018183,1,0.19568267130094866,1.2946288802581598,0.6827462988375987,0.684
binary,1000,0.7,0.2233463436851001,OLS,2,1.2419851052715503,0.10471740004872834,1.0367390011760427,1.4472312093670578,0.4104922081910152,1.0465240014010013,0.24198510527155026,0,0.1933445766184571,1.2891874554064213,0.6878721784560752,0.689
binary,1000,0.7,0.23098227874394367,OLS,3,1.2001395460763982,0.10074445896877904,1.0026804064975912,1.3975986856552052,0.394918279157614,1.0459301205647025,0.20013954607639817,0,0.19991781645805612,1.2564459302894386,0.6857052914441004,0.684
binary,1000,0.7,0.22827977006811728,OLS,4,1.143521331844591,0.09969441149265458,0.948120285318988,1.338922378370194,0.39080209305120606,1.0455963848220975,0.14352133184459093,1,0.18999088809307216,1.305365285815223,0.6956621875843388,0.709
binary,1000,0.7,0.20600277555916086,Lasso,0,1.2246468426952628,0.10182676312397997,1.025066386972262,1.4242272984182636,0.3991609114460015,1.0644967109113868,0.2246468426952628,0,0.18595661427421306,1.217246554906061,0.6805198466343791,0.671
binary,1000,0.7,0.21902403549223154,Lasso,1,1.1027705560892693,0.10048908511077671,0.905811949272147,1.2997291629063916,0.3939172136342446,1.0553739836948144,0.10277055608926933,1,0.18980606474717016,1.150216605910222,0.6912793790245984,0.706
binary,1000,0.7,0.2263452976322957,Lasso,2,1.2295553928796727,0.09993570364676066,1.0336814137320218,1.4254293720273237,0.39174795829530185,1.0482324664354499,0.22955539287967275,0,0.19779690719356596,1.1977519210377274,0.6907270019578973,0.671
binary,1000,0.7,0.22384810089254867,Lasso,3,0.9873652331062241,0.10147262676426566,0.7884788846482634,1.1862515815641848,0.3977726969159213,1.0506732820451092,-0.01263476689377585,1,0.19486714140048922,1.2255680007072445,0.6877058718990144,0.691
binary,1000,0.7,0.21193745356424534,Lasso,4,1.1569864451933525,0.09531109189766733,0.9701767050739245,1.3437961853127804,0.37361948023885594,1.0277131359981162,0.15698644519335248,1,0.18648247399347329,1.1924896796784163,0.6945984935879108,0.695
binary,1000,0.7,0.20531246424136892,RF_Tuned,0,1.120078890839987,0.08229559687251058,0.9587795209698663,1.2813782607101079,0.32259873974024156,1.134006967868199,0.12007889083998702,1,0.12851976816617758,0.7571488731929032,0.6929642049943471,0.675
binary,1000,0.7,0.2115754960552779,RF_Tuned,1,0.9370335597104642,0.08402099393272607,0.7723524116023212,1.1017147078186074,0.3293622962162862,1.2240382382488417,-0.0629664402895358,1,0.13921023617074257,0.7477818095840014,0.6873079547680941,0.683
binary,1000,0.7,0.21785018754384797,RF_Tuned,2,0.9431776943576698,0.08767932919083943,0.7713262091436246,1.115029179571715,0.3437029704280905,1.1655972889228507,-0.05682230564233015,1,0.14350387304631193,0.7774379953150747,0.7001175723972725,0.698
binary,1000,0.7,0.22911903661509483,RF_Tuned,3,1.072234872703063,0.08576804911683729,0.904129496434062,1.240340248972064,0.33621075253800203,1.1423591342386386,0.07223487270306306,1,0.13409570779728647,0.7871312680001415,0.6990196146981347,0.722
binary,1000,0.7,0.2318988413690009,RF_Tuned,4,0.9431668351883848,0.09060796631491881,0.765575221211144,1.1207584491656257,0.35518322795448176,1.1992725140069278,-0.056833164811615156,1,0.13429918936929605,0.7857081242894252,0.6892081283636087,0.694
binary,1000,0.6,0.24854286928939465,Oracle,0,1.1126698007303306,0.08466606820223042,0.946724307053959,1.2786152944067022,0.33189098735274314,1.312717423807927,0.11266980073033062,1,0.0,0.0,0.6978134658953928,0.72
binary,1000,0.6,0.24036918910387656,Oracle,1,1.0384096825788027,0.08048876728259664,0.8806516987049133,1.1961676664526921,0.3155159677477788,1.3356976500486466,0.03840968257880273,1,0.0,0.0,0.6947310962386274,0.706
binary,1000,0.6,0.21945343763559402,Oracle,2,0.940978840336218,0.07555686917859328,0.7928873767461753,1.0890703039262608,0.29618292718008554,1.2898108082035804,-0.059021159663781964,1,0.0,0.0,0.6981049922693502,0.678
binary,1000,0.6,0.23893250505535524,Oracle,3,1.1274657940985222,0.07898935585836364,0.9726466566161295,1.2822849315809148,0.30963827496478535,1.2702515740654652,0.1274657940985222,1,0.0,0.0,0.7017783443658491,0.709
binary,1000,0.6,0.22359417777335516,Oracle,4,1.0182167617121582,0.07936802596666319,0.8626554308174984,1.1737780926068182,0.3111226617893198,1.3043196131624133,0.018216761712158247,1,0.0,0.0,0.6946393981140357,0.684
binary,1000,0.6,0.2389631465834281,OLS,0,0.966817379376237,0.09798486170280642,0.7747670504387365,1.1588677083137375,0.38410065787500103,1.0344226308755853,-0.03318262062376298,1,0.19407767156748126,1.19969854953213,0.7077842976115014,0.724
binary,1000,0.6,0.2252941492081046,OLS,1,1.0852837960490826,0.10690875777102242,0.8757426308178787,1.2948249612802867,0.41908233046240795,1.0485693636179725,0.08528379604908265,1,0.19368187375582127,1.3320859049540068,0.6984281519426779,0.689
binary,1000,0.6,0.2407509547262202,OLS,2,1.026878147240192,0.09577245284123591,0.8391641396713696,1.2145921548090144,0.3754280151376448,1.0475396213337873,0.026878147240191996,1,0.19661702282894622,1.0756521346193082,0.6857511542539073,0.692
binary,1000,0.6,0.2523744681505123,OLS,3,1.259572848376508,0.10170461047130774,1.060231811852745,1.4589138849002712,0.39868207304752623,1.046340591783117,0.25957284837650807,0,0.20513011798941563,1.3047548541288936,0.6888497266364859,0.699
binary,1000,0.6,0.23195168278701386,OLS,4,1.1275247540149123,0.09821694425709977,0.9350195432709967,1.3200299647588278,0.38501042148783116,1.075221741153967,0.12752475401491226,1,0.1992692558620094,1.2298575269334828,0.6954027297692394,0.691
binary,1000,0.6,0.24700774621554483,Lasso,0,1.1262824695425777,0.10405758589055358,0.9223296011970927,1.3302353378880627,0.40790573669096997,1.046426099021854,0.1262824695425777,1,0.1989387546006098,1.2235042788001356,0.6968197978094219,0.709
binary,1000,0.6,0.22781034597191424,Lasso,1,1.210704522678211,0.09734197167068333,1.0199142582036715,1.4014947871527503,0.3815805289490788,1.037791156108858,0.21070452267821094,0,0.19171018507063592,1.2532434050332788,0.6975128315223394,0.7
binary,1000,0.6,0.23115172170068357,Lasso,2,1.086123146806729,0.10700880780529728,0.8763858835083462,1.2958604101051117,0.41947452659676543,1.0610304267288888,0.08612314680672895,1,0.1914942480788794,1.2691633051000941,0.7043138433681165,0.711
binary,1000,0.6,0.2221227965156503,Lasso,3,1.1038670878913084,0.09828083582990345,0.9112366496646976,1.296497526117919,0.3852608764532214,1.066137072848275,0.10386708789130839,1,0.1897545471011165,1.2809451922423876,0.7096505337661865,0.687
binary,1000,0.6,0.21081888603819635,Lasso,4,1.1334127555987115,0.0972483451189813,0.9428059991655081,1.324019512031915,0.3812135128664068,1.064508272788647,0.13341275559871146,1,0.18714289912407053,1.167911432325089,0.6925191103750314,0.68
binary,1000,0.6,0.25126567521451193,RF_Tuned,0,0.8555873722319963,0.09220246512764381,0.6748705405818145,1.0363042038821781,0.36143366330036364,1.0960938451180289,-0.14441262776800368,1,0.14685431427310894,0.729897009807615,0.6939470978567267,0.726
binary,1000,0.6,0.2202052166007959,RF_Tuned,1,0.8446051283966768,0.08888479049698574,0.6703909390225847,1.0188193177707687,0.348428378748184,1.1719503783042362,-0.15539487160332321,1,0.13536808868378267,0.7331418531071457,0.6933917031455126,0.684
binary,1000,0.6,0.2305358540165944,RF_Tuned,2,1.0156243481720928,0.08681915470617127,0.8454588049479971,1.1857898913961884,0.3403310864481913,1.1793652044269445,0.015624348172092795,1,0.13551385651782744,0.7817711860649593,0.6970257932600721,0.684
binary,1000,0.6,0.24002031546713332,RF_Tuned,3,0.9636744390957664,0.0847419094951118,0.7975802964853473,1.1297685817061855,0.3321882852208382,1.1571729018464036,-0.036325560904233556,1,0.14102597650661178,0.7384450351130649,0.7039382478807066,0.702
binary,1000,0.6,0.23795531269525852,RF_Tuned,4,1.1022944515990891,0.08567608642926684,0.9343693221977261,1.2702195810004522,0.3358502588027261,1.1923437783487414,0.10229445159908912,1,0.14445590488968704,0.7292196542210018,0.7086595770551455,0.719
binary,2000,0.99,0.15137990866574777,Oracle,0,0.9947733718852779,0.051421077219826174,0.8939880605344186,1.0955586832361373,0.20157062270171866,1.1749901202572541,-0.005226628114722076,1,0.0,0.0,0.6550192009260534,0.6525
binary,2000,0.99,0.15076907940616868,Oracle,1,0.9606072610927827,0.05235382125971487,0.8579937714237416,1.0632207507618239,0.20522697933808232,1.1647133698924574,-0.039392738907217284,1,0.0,0.0,0.6514136054724711,0.6765
binary,2000,0.99,0.14510587089645025,Oracle,2,1.05272205147545,0.05298646001070821,0.948868589854462,1.1565755130964381,0.20770692324197615,1.1854463652506901,0.05272205147545006,1,0.0,0.0,0.6603753193526707,0.6555
binary,2000,0.99,0.14424325447708058,Oracle,3,0.9944918707790114,0.05188296966177138,0.8928012502419395,1.0961824913160834,0.2033812410741439,1.1650761406634538,-0.0055081292209886445,1,0.0,0.0,0.6559693263865399,0.6605
binary,2000,0.99,0.14508557187960977,Oracle,4,0.9466018885840409,0.04867828978764865,0.8511924406002496,1.0420113365678323,0.19081889596758272,1.161515507888839,-0.05339811141595907,1,0.0,0.0,0.6548646771866238,0.645
binary,2000,0.99,0.14794879809916,OLS,0,1.1367223881343615,0.06799310268843704,1.003455906865025,1.269988869403698,0.266532962538673,1.024131720653896,0.13672238813436155,0,0.1598747434669238,1.18114015349376,0.6579474761956721,0.6625
binary,2000,0.99,0.14573622542348827,OLS,1,1.2063877314867573,0.06866863067978604,1.0717972153543767,1.3409782476191379,0.2691810322647612,1.0417250444251924,0.20638773148675726,0,0.16105098518736302,1.2273583791959908,0.6629259566122239,0.64
binary,2000,0.99,0.14239444724910602,OLS,2,1.1328503468670386,0.06861820862937272,0.998358657953468,1.267342035780609,0.2689833778271411,1.0422341572526705,0.13285034686703856,1,0.1566494254796825,1.1681154971514285,0.6540576415205097,0.649
binary,2000,0.99,0.1460001930444666,OLS,3,1.2171029557126314,0.06917922353956896,1.0815116775750762,1.3526942338501866,0.27118255627511045,1.0289067018725884,0.21710295571263138,0,0.1576172656493952,1.23787879900186,0.6516857096079893,0.6535
binary,2000,0.99,0.1534977337905582,OLS,4,1.174011282337548,0.07165197030796373,1.033573420533939,1.3144491441411568,0.2808757236072177,1.0315035726833581,0.17401128233754792,0,0.16271710329873545,1.227275205864922,0.6644740526051183,0.679
binary,2000,0.99,0.14858056855231114,Lasso,0,1.1857631730786506,0.06513867805006544,1.0580913641005223,1.313434982056779,0.2553436179562567,1.0260864235258111,0.18576317307865065,0,0.1621172713011258,1.1559311446368943,0.6516092676388623,0.6585
binary,2000,0.99,0.15218343494276762,Lasso,1,1.1685686272430245,0.06522133370541912,1.040734813180403,1.2964024413056459,0.2556676281252428,1.0276503488888555,0.16856862724302446,0,0.1639826485937823,1.1730378096050744,0.6596627342294484,0.672
binary,2000,0.99,0.15190215015861175,Lasso,2,1.108604512846539,0.07221104036779416,0.9670708737256624,1.2501381519674155,0.28306727824175315,1.0364343323616285,0.10860451284653894,1,0.16042078243319247,1.2020200606327527,0.6595659146838618,0.667
binary,2000,0.99,0.14364410383084675,Lasso,3,1.1095817184683017,0.0689473304882893,0.9744449507112547,1.2447184862253486,0.27027353551409394,1.0248014801700749,0.10958171846830167,1,0.16053013056320717,1.206768077653113,0.6534357989122068,0.6505
binary,2000,0.99,0.13412378126182,Lasso,4,1.1785569478790396,0.06632728913091622,1.048555461182444,1.3085584345756354,0.26000297339319145,1.0145433344222892,0.17855694787903964,0,0.1595964085297001,1.1729559702372696,0.6572507743121878,0.6365
binary,2000,0.99,0.14858056855231114,RF_Tuned,0,1.0264617920191923,0.0553660629613056,0.9179443086150333,1.1349792754233512,0.2170349668083179,1.090053166211483,0.0264617920191923,1,0.11047853429976781,0.7342811901463926,0.6516092676388623,0.6585
binary,2000,0.99,0.15109595995220243,RF_Tuned,1,0.9921140114101434,0.05562988354758658,0.8830794396568737,1.1011485831634131,0.2180691435065394,1.1053695369820555,-0.007885988589856563,1,0.1063968373715177,0.7222793580247244,0.6518170562726786,0.649
binary,2000,0.99,0.1487595558121502,RF_Tuned,2,1.0274807614571182,0.056620575663787566,0.9165044331560945,1.1384570897581419,0.22195265660204733,1.1231293871745496,0.027480761457118197,1,0.10270313718272146,0.6803278577543589,0.6535989528816895,0.6365
binary,2000,0.99,0.1481914033846232,RF_Tuned,3,0.9376887421961462,0.058299121424425726,0.8234224642042718,1.0519550201880206,0.22853255598374878,1.1258496627978962,-0.062311257803853826,1,0.10694724633590108,0.7196144236668407,0.6598302355660906,0.655
binary,2000,0.99,0.14855788331998926,RF_Tuned,4,0.99896205011493,0.055859129699061844,0.8894781559047688,1.1084459443250911,0.21896778842032238,1.092077736288218,-0.0010379498850699997,1,0.10463556157184344,0.6949819091784677,0.6531427685494042,0.652
binary,2000,0.95,0.1669305341547359,Oracle,0,1.0376851329191947,0.052246259616165816,0.9352824640715097,1.1400878017668796,0.2048053376953699,1.2152405526698629,0.03768513291919473,1,0.0,0.0,0.6681460177493443,0.667
binary,2000,0.95,0.16573196930218,Oracle,1,0.9993200460866346,0.05082418138467073,0.89970465057268,1.0989354416005892,0.1992307910279092,1.1846720621992468,-0.0006799539133653942,1,0.0,0.0,0.6623923134819959,0.655
binary,2000,0.95,0.17119354627448138,Oracle,2,1.0559351377280632,0.05312015233537608,0.9518196391507261,1.1600506363054004,0.2082309971546743,1.1940177863188817,0.055935137728063244,1,0.0,0.0,0.6733595037863918,0.681
binary,2000,0.95,0.16884039496435252,Oracle,3,0.9941087039319771,0.05186817100029563,0.8924470887713977,1.0957703190925565,0.20332323032115884,1.2109201800281664,-0.0058912960680228554,1,0.0,0.0,0.6766263290143395,0.6695
binary,2000,0.95,0.16053690668308337,Oracle,4,1.0283604962067645,0.05106792263562627,0.928267367840937,1.128453624572592,0.20018625673165502,1.1785956050401045,0.028360496206764507,1,0.0,0.0,0.6647004275483797,0.6545
binary,2000,0.95,0.17210097832602636,OLS,0,1.1740360921704047,0.07257119183591777,1.031796556172006,1.3162756281688035,0.28447907199679756,1.0381358911828533,0.17403609217040472,0,0.17381167322277988,1.263547192056837,0.669685147675263,0.6805
binary,2000,0.95,0.17724330427070092,OLS,1,1.2093039000661732,0.07091952323011451,1.0703016345351488,1.3483061655971975,0.2780045310620487,1.0516704746272116,0.20930390006617317,0,0.1681181574064249,1.2013536718411948,0.6750654430665065,0.6855
binary,2000,0.95,0.1598160919361298,OLS,2,1.2468870510561312,0.06832544669597955,1.1129691755320112,1.3808049265802511,0.26783575104823987,1.0280463341243042,0.24688705105613118,0,0.16513325532186143,1.1857565362038562,0.6671098903324102,0.663
binary,2000,0.95,0.16187664615597014,OLS,3,1.1167347776568732,0.0690393646296457,0.9814176229827677,1.252051932330979,0.2706343093482112,1.0288183733133665,0.11673477765687323,1,0.16906898056909594,1.2113266636340652,0.6639868982560461,0.6555
binary,2000,0.95,0.15172994570090212,OLS,4,1.179535505340025,0.06691653989410198,1.048379087147585,1.3106919235324648,0.2623128363848797,1.0151079629949176,0.17953550534002494,0,0.16726649398820873,1.1757154168084771,0.6683883715336821,0.646
binary,2000,0.95,0.16464785154117598,Lasso,0,1.1821276752443242,0.06691971941788458,1.0509650251852705,1.3132903253033779,0.2623253001181074,1.0325241190555186,0.18212767524432416,0,0.1676867890254443,1.1757485804025998,0.6680944240151206,0.6595
binary,2000,0.95,0.17120115029798652,Lasso,1,1.1190536879028086,0.06681597184205984,0.9880943830923713,1.2500129927132457,0.26191860962087443,1.0292021718583866,0.11905368790280857,1,0.17067518314347377,1.1986942312095217,0.6718940626680157,0.6715
binary,2000,0.95,0.1790341766341693,Lasso,2,1.2282371204529108,0.0705335984352072,1.0899912675199046,1.366482973385917,0.27649170586601235,1.0475546239363454,0.22823712045291078,0,0.1690950996922069,1.2351354668343288,0.6625769168733552,0.672
binary,2000,0.95,0.1614158884413251,Lasso,3,1.1368061161152083,0.06834396534747417,1.002851944034159,1.2707602881962576,0.26790834416209863,1.058240663955768,0.13680611611520832,0,0.16625165192512795,1.1553939850043005,0.6640688029469494,0.6635
binary,2000,0.95,0.164540053819536,Lasso,4,1.257230877284815,0.07015293803254342,1.11973111874103,1.3947306358286002,0.2749995170875703,1.0347581985723993,0.2572308772848151,0,0.16999466892744508,1.242913719358817,0.6654562378006976,0.67
binary,2000,0.95,0.1678836936709194,RF_Tuned,0,0.9792139353006093,0.059045610894862724,0.8634845379466783,1.0949433326545401,0.2314587947078618,1.152115298853409,-0.020786064699390705,1,0.10971286997762637,0.7497001040326015,0.6694468251347194,0.669
binary,2000,0.95,0.17540350183055306,RF_Tuned,1,1.0903176877724512,0.05851732451338358,0.9756237317262194,1.205011643818683,0.22938791209246367,1.1351833047384556,0.0903176877724512,1,0.10986965715044097,0.6760542297502938,0.6751577506691933,0.6865
binary,2000,0.95,0.1700402015942014,RF_Tuned,2,0.9888642795935655,0.05865677979565764,0.8738969911940765,1.1038315679930544,0.22993457679897789,1.1126900434902056,-0.011135720406434513,1,0.11341597592626496,0.6706546217288292,0.6734509091105522,0.664
binary,2000,0.95,0.16799965882743312,RF_Tuned,3,1.064627268779559,0.05847977859917185,0.9500069027251822,1.1792476348339358,0.22924073210875362,1.1225684993357687,0.06462726877955904,1,0.1068430254521667,0.7451335103667,0.6677569982228915,0.6605
binary,2000,0.95,0.16764580604411233,RF_Tuned,4,0.9392302766305757,0.05851953184486295,0.8245319942146443,1.053928559046507,0.22939656483186277,1.1132700634078299,-0.06076972336942432,1,0.11343232445123246,0.7620665909893927,0.6745008539968067,0.666
binary,2000,0.9,0.18773084786163552,Oracle,0,1.0037368180066908,0.05247408674294369,0.9008876079905211,1.1065860280228603,0.20569842003233918,1.2050261799266149,0.0037368180066907897,1,0.0,0.0,0.676770235461325,0.6845
binary,2000,0.9,0.17226461878219332,Oracle,1,0.9347395544899179,0.05345672605420061,0.8299643714236846,1.039514737556151,0.20955036613246647,1.190997287024416,-0.06526044551008214,1,0.0,0.0,0.6743743043877835,0.6685
binary,2000,0.9,0.1779896197843994,Oracle,2,0.9838785938048185,0.05317568946074148,0.8796542424617652,1.0881029451478716,0.2084487026861065,1.2441684665586665,-0.016121406195181542,1,0.0,0.0,0.6767083566518574,0.663
binary,2000,0.9,0.18469337821829424,Oracle,3,0.9841150770768977,0.05512116179006224,0.8760775999683758,1.0921525541854198,0.21607495421704404,1.2255243860583152,-0.015884922923102285,1,0.0,0.0,0.6761357286554406,0.6785
binary,2000,0.9,0.18208165768073342,Oracle,4,1.0394785105329825,0.05456414706022808,0.9325327822949354,1.1464242387710295,0.2138914564760941,1.197268187822197,0.03947851053298246,1,0.0,0.0,0.6795273832223063,0.6715
binary,2000,0.9,0.1842652499590617,OLS,0,1.1794029405830069,0.06992643244810991,1.0423471329847114,1.3164587481813024,0.274111615196591,1.0613097827038813,0.17940294058300688,0,0.17833819023709477,1.243563650021811,0.6758039923627205,0.6605
binary,2000,0.9,0.18612920820209747,OLS,1,1.0929431098240818,0.0709073623270075,0.9539646796631471,1.2319215399850165,0.2779568603218694,1.036829395727402,0.09294310982408183,1,0.1722157470077627,1.22308620417118,0.6817565676605009,0.6885
binary,2000,0.9,0.18039508151146724,OLS,2,1.3199108711585366,0.07284001832801888,1.1771444352356195,1.4626773070814536,0.2855328718458341,1.0292251127307244,0.31991087115853656,0,0.1793047802939323,1.2764307242850372,0.6781659573904137,0.667
binary,2000,0.9,0.18788860822060044,OLS,3,1.2663429765115002,0.06992940828177685,1.1292813362792176,1.4034046167437828,0.27412328046456524,1.0294093013550845,0.2663429765115002,0,0.17800700807156047,1.2109195463157272,0.6835355549656528,0.7005
binary,2000,0.9,0.18543284950248587,OLS,4,1.0779854228792984,0.07199543250840244,0.9368743751628297,1.2190964705957672,0.2822220954329375,1.0662575445187186,0.07798542287929844,1,0.17584749532303126,1.2694313002365731,0.674577086589691,0.675
binary,2000,0.9,0.19689216010567395,Lasso,0,1.2389091881740077,0.0715797452925439,1.0986128874006216,1.379205488947394,0.28059260154677235,1.0400822949529018,0.23890918817400775,0,0.181282887860855,1.2394745677176102,0.6739549969086107,0.702
binary,2000,0.9,0.18563014971248978,Lasso,1,1.1496680327880238,0.07145341282400175,1.0096193436529803,1.2897167219230672,0.28009737827008685,1.0493623693695469,0.14966803278802376,0,0.17623181980194266,1.2316879326273318,0.6804701219173683,0.6715
binary,2000,0.9,0.18158193401129766,Lasso,2,1.0868221359594539,0.07175923254557166,0.9461740401701334,1.2274702317487742,0.28129619157864083,1.0514294247361793,0.08682213595945387,1,0.17826854997589917,1.1719349612759455,0.675902602200601,0.67
binary,2000,0.9,0.19160484103228195,Lasso,3,1.246606723557644,0.07127320059681798,1.1069112503878806,1.3863021967274072,0.27939094633952655,1.0433025785338166,0.2466067235576439,0,0.17739695674778452,1.2952787662673548,0.679607936659292,0.6825
binary,2000,0.9,0.18573779152837325,Lasso,4,1.2002082537562788,0.0685448680118375,1.0658603124530774,1.3345561950594802,0.26869588260640276,1.0264891821248758,0.20020825375627882,0,0.18204605529037907,1.1810148918272123,0.6784681499032403,0.6745
binary,2000,0.9,0.18499474004385497,RF_Tuned,0,0.9325676371183558,0.058577229513049986,0.8177562672727778,1.0473790069639337,0.22962273969115587,1.179213280667818,-0.06743236288164423,1,0.10721166242499637,0.6547657981918563,0.6738562924740263,0.668
binary,2000,0.9,0.18536805832668146,RF_Tuned,1,0.9861169377378459,0.06015955508887704,0.8682042097636469,1.104029665712045,0.2358254559483981,1.1716527726251793,-0.013883062262154078,1,0.10884805003250558,0.7713984753942131,0.6792099343200968,0.68
binary,2000,0.9,0.19194785033786246,RF_Tuned,2,0.9609850946390353,0.05863825863628852,0.8460541077119097,1.0759160815661608,0.2298619738542511,1.1318795638212837,-0.03901490536096475,1,0.11140087703572574,0.7549054705700144,0.6766308778533927,0.6835
binary,2000,0.9,0.17842457635054204,RF_Tuned,3,0.9596517107717834,0.05680448125620493,0.8483149275096217,1.070988494033945,0.22267356652432324,1.1567532998973769,-0.04034828922821665,1,0.11182264455133686,0.7374114138223364,0.6665740814290321,0.657
binary,2000,0.9,0.18069860282181205,RF_Tuned,4,0.9382389283159663,0.059429076304861196,0.8217579387584384,1.0547199178734943,0.2329619791150559,1.174620255011423,-0.061761071684033664,1,0.10951964952513625,0.7018067350467946,0.6825441799800119,0.667
binary,2000,0.8,0.20588538407252222,Oracle,0,0.984877290772557,0.05266344560772484,0.8816569373814164,1.0880976441636978,0.20644070678228144,1.2291249651817313,-0.015122709227442965,1,0.0,0.0,0.6881608009133732,0.6825
binary,2000,0.8,0.20592030700170508,Oracle,1,1.0182417013078653,0.05501686568402917,0.9104086445671681,1.1260747580485624,0.2156661134813943,1.2417517704328516,0.018241701307865288,1,0.0,0.0,0.6757989420195866,0.692
binary,2000,0.8,0.21443853207902705,Oracle,2,1.0518093325537616,0.05437570723966735,0.9452329463640137,1.1583857187435096,0.21315277237949593,1.228451197752582,0.05180933255376163,1,0.0,0.0,0.6913620652364377,0.7115
binary,2000,0.8,0.20603379111417125,Oracle,3,0.9358582179702902,0.05439085441601639,0.829252143314898,1.0424642926256824,0.21321214931078436,1.2295371371994865,-0.06414178202970977,1,0.0,0.0,0.6846428645214855,0.687
binary,2000,0.8,0.19635479726756808,Oracle,4,1.035745182400202,0.05419586242909031,0.929521292039185,1.141969072761219,0.21244778072203407,1.2761304440539492,0.03574518240020197,1,0.0,0.0,0.6848338931747798,0.6755
binary,2000,0.8,0.19661503879067163,OLS,0,1.1652000315842137,0.06804265054317467,1.0318364365195913,1.298563626648836,0.26672719012924473,1.0437968379862548,0.1652000315842137,0,0.17941807950361274,1.1826653603124953,0.6915126939746117,0.689
binary,2000,0.8,0.20142555917715788,OLS,1,1.1506198723120555,0.06733808730708758,1.018637221190164,1.282602523433947,0.2639653022437831,1.0384579154613398,0.15061987231205554,0,0.18133022365036808,1.2456152307389858,0.6845747224617539,0.6835
binary,2000,0.8,0.20363458773110688,OLS,2,1.2231357454726852,0.06765224393879497,1.090537347352647,1.3557341435927235,0.2651967962400765,1.0598534192951747,0.22313574547268522,0,0.18010069383934027,1.1410463717128185,0.681162427342618,0.675
binary,2000,0.8,0.19800633462941933,OLS,3,1.2127066418455525,0.06785786176200959,1.0797052327920138,1.3457080508990913,0.2660028181070775,1.0416849857366357,0.21270664184555255,0,0.18342027910145522,1.2061863431627318,0.6841593992924904,0.681
binary,2000,0.8,0.200668274618638,OLS,4,1.1876588417893543,0.07249051475633814,1.0455774328669316,1.329740250711777,0.28416281784484543,1.0441062561366241,0.18765884178935432,0,0.18071841126491658,1.2097924336111605,0.6925364900637327,0.6915
binary,2000,0.8,0.20087328381103564,Lasso,0,1.2055694129378631,0.06867833606781588,1.070959874244944,1.3401789516307823,0.2692190773858383,1.0422359116539743,0.20556941293786313,0,0.18221255237870124,1.1673761991584293,0.6828044705348438,0.6855
binary,2000,0.8,0.20990744040645032,Lasso,1,1.2423555177875834,0.06754075117103996,1.109975645492345,1.3747353900828216,0.2647597445904766,1.0463227013482037,0.24235551778758335,0,0.1834819777772927,1.2738090809037121,0.6827858913245604,0.6785
binary,2000,0.8,0.20769548064730042,Lasso,2,1.1739699255855531,0.0711779105397722,1.0344612209275996,1.3134786302435066,0.279017409315907,1.0545253493402995,0.17396992558555313,0,0.17786649909652535,1.3237542270816969,0.6883184021317077,0.689
binary,2000,0.8,0.20805518601207562,Lasso,3,1.1722134090968797,0.0711508111484753,1.0327578192458682,1.3116689989478911,0.27891117970202295,1.0545050777422056,0.17221340909687965,0,0.18451122343420487,1.2562733160746142,0.6837152790902136,0.677
binary,2000,0.8,0.20790166213262132,Lasso,4,1.1866944376776711,0.07042357046158675,1.048664239572961,1.3247246357823812,0.27606039620942013,1.0589636676028658,0.18669443767767113,0,0.18238642431420937,1.2248430771773284,0.688254946543092,0.688
binary,2000,0.8,0.20119248894780478,RF_Tuned,0,0.9903718434333925,0.06159557687969513,0.86964451274919,1.1110991741175948,0.24145466136840488,1.1615932518897327,-0.009628156566607537,1,0.11837457842454982,0.6812457470298794,0.68345774341974,0.6745
binary,2000,0.8,0.20393232848756115,RF_Tuned,1,1.007799560844927,0.05989795414524227,0.8903995707202522,1.125199550969602,0.23479998024934978,1.1825455610058637,0.007799560844927056,1,0.11510008530085392,0.7148557688717189,0.6967031162404722,0.688
binary,2000,0.8,0.21562610282032038,RF_Tuned,2,0.8794761894349716,0.061417962415922366,0.7590969830997638,0.9998553957701795,0.24075841267041564,1.1557802838744518,-0.12052381056502837,0,0.1199562473165973,0.6972800661353831,0.6838799006160008,0.689
binary,2000,0.8,0.2050301441934501,RF_Tuned,3,0.8475785615487643,0.0605917225902013,0.7288187852719697,0.9663383378255589,0.23751955255358914,1.1753462902610916,-0.15242143845123568,0,0.11339322370803989,0.7390049851126953,0.6862756070781661,0.681
binary,2000,0.8,0.20283606935167792,RF_Tuned,4,1.014427971147965,0.058989069805037715,0.898809394330091,1.1300465479658388,0.23123715363574782,1.1797528750839332,0.014427971147964902,1,0.11410826441928218,0.7227156791157904,0.6845522402379224,0.6925
binary,2000,0.7,0.22515806065862945,Oracle,0,0.9533540447298885,0.055101756587146326,0.8453546018190817,1.0613534876406954,0.21599888582161364,1.3252761286589712,-0.046645955270111505,1,0.0,0.0,0.6965720561324835,0.708
binary,2000,0.7,0.22178127287020744,Oracle,1,1.0683448469791217,0.056171627652249166,0.9582484567807134,1.1784412371775301,0.22019278039681678,1.2646014108645358,0.06834484697912169,1,0.0,0.0,0.694760967284544,0.6985
binary,2000,0.7,0.21880077959993213,Oracle,2,0.9171509947572719,0.054180691149215844,0.8109568401048088,1.023345149409735,0.21238830930492614,1.307332132108502,-0.08284900524272809,1,0.0,0.0,0.6856731089126966,0.6695
binary,2000,0.7,0.2261337704382859,Oracle,3,0.9733681790087753,0.05393205617159842,0.8676613489124424,1.0790750091051082,0.21141366019266583,1.2814145923023188,-0.02663182099122474,1,0.0,0.0,0.6857328009716528,0.686
binary,2000,0.7,0.2267184777354162,Oracle,4,0.9751288616034959,0.05607889432872217,0.8652142287192004,1.0850434944877914,0.21982926576859096,1.3016790211533003,-0.024871138396504122,1,0.0,0.0,0.6859761603938924,0.6765
binary,2000,0.7,0.2195475361848609,OLS,0,1.2103237673115743,0.07323249481347288,1.0667880774771674,1.3538594571459812,0.2870713796688138,1.0703146521077995,0.21032376731157432,0,0.18655395148827625,1.273870800090428,0.6862485527597374,0.6775
binary,2000,0.7,0.21631403770177537,OLS,1,1.1937104133817875,0.07022719655156809,1.056065108140714,1.331355718622861,0.2752906104821471,1.0693744172439184,0.19371041338178752,0,0.19197228086511414,1.2574882338460656,0.6870102054197628,0.6795
binary,2000,0.7,0.21845668949652775,OLS,2,1.206378420953158,0.06946209016443458,1.0702327242308662,1.3425241176754499,0.27229139344458364,1.0600651536035184,0.20637842095315806,0,0.18746191745586774,1.2112958227260133,0.6938584981951514,0.6985
binary,2000,0.7,0.2179027432091058,OLS,3,1.3744863887711334,0.06819926806114272,1.2408158233712936,1.5081569541709732,0.2673411307996796,1.04006018035918,0.3744863887711334,0,0.18623046531923407,1.1819738687429973,0.6882276317816902,0.7005
binary,2000,0.7,0.22190545833760714,OLS,4,1.1782638184967402,0.07237750716559932,1.0364039044521656,1.3201237325413149,0.2837198280891493,1.0746165096614746,0.17826381849674022,0,0.19051913433827333,1.2896266356791606,0.6949360452222147,0.6905
binary,2000,0.7,0.21886226646377624,Lasso,0,1.2081567631584293,0.07374742188765142,1.0636118162586325,1.3527017100582261,0.2890898937995936,1.0583047390011704,0.20815676315842935,0,0.19181502753530605,1.2967632090668153,0.6944365325432852,0.6785
binary,2000,0.7,0.221331462473796,Lasso,1,1.213465914137959,0.06746597553047387,1.0812326020982301,1.3456992261776877,0.26446662407945754,1.067593138229372,0.2134659141379589,0,0.18232968555987103,1.1016123043214945,0.6851995346405046,0.6955
binary,2000,0.7,0.22053374565754233,Lasso,2,1.1651026319021196,0.07255219533428335,1.0229003290469243,1.307304934757315,0.2844046057103906,1.0579901258219717,0.1651026319021196,0,0.18677116322264903,1.248624950512561,0.6933733120591145,0.6935
binary,2000,0.7,0.22517840798658864,Lasso,3,1.1476187702382588,0.07256738045556144,1.0053867045453584,1.2898508359311591,0.28446413138580073,1.0623599620056388,0.14761877023825876,0,0.1867830291609619,1.2402240072886632,0.6975701267426717,0.703
binary,2000,0.7,0.21664422532498598,Lasso,4,1.0592185565727616,0.07220564992372991,0.917695482722251,1.2007416304232723,0.2830461477010213,1.0635729995254186,0.05921855657276165,1,0.18424037520503356,1.281165184207399,0.6961508400741899,0.6895
binary,2000,0.7,0.2206753895505683,RF_Tuned,0,1.030746641254239,0.06052313870034075,0.9121212894015711,1.1493719931069069,0.23725070370533574,1.1881572488814638,0.030746641254238982,1,0.11840215024403046,0.6882699874406173,0.6917305388827893,0.6925
binary,2000,0.7,0.224846889420086,RF_Tuned,1,0.9970335126856318,0.05964650499821046,0.8801263628891393,1.1139406624821242,0.23381429959298494,1.1469037068025698,-0.0029664873143682158,1,0.12878637625772965,0.7327651212079117,0.6811158512456245,0.6865
binary,2000,0.7,0.21748286296056443,RF_Tuned,2,0.9910134615272251,0.06309810900989245,0.867341167867836,1.1146857551866143,0.2473445873187783,1.1652490153200252,-0.008986538472774863,1,0.13153060591140972,0.7557091043634244,0.7022046025931838,0.692
binary,2000,0.7,0.21862770302973586,RF_Tuned,3,0.9876102627606326,0.0593945767304391,0.8711968923689719,1.1040236331522932,0.23282674078332133,1.1813999393011327,-0.012389737239367427,1,0.11458165557852151,0.7127143601572502,0.6940813683473652,0.6865
binary,2000,0.7,0.22182652623427962,RF_Tuned,4,0.9711631014779644,0.06014356678858911,0.8532817105723297,1.0890444923835991,0.23576278181126942,1.1575727297754081,-0.028836898522035637,1,0.1280516524172786,0.7235461914606034,0.6862558370893771,0.6835
binary,2000,0.6,0.23675108158963587,Oracle,0,1.0112965619007126,0.05761094289869021,0.8983791138192798,1.1242140099821454,0.22583489616286556,1.2970712456621247,0.011296561900712598,1,0.0,0.0,0.6995669874459451,0.693
binary,2000,0.6,0.23095764032840352,Oracle,1,1.0120982344233724,0.05510832673542642,0.9040859140219366,1.1201105548248083,0.21602464080287165,1.301313946837464,0.012098234423372434,1,0.0,0.0,0.700393033995612,0.693
binary,2000,0.6,0.22644094930804548,Oracle,2,0.9768490158722795,0.05278959694766256,0.8733814058548608,1.0803166258896981,0.20693522003483733,1.2735619135531175,-0.023150984127720542,1,0.0,0.0,0.6930982922085132,0.683
binary,2000,0.6,0.2246523669583048,Oracle,3,0.9250687747663383,0.056213778487867086,0.8148897689301188,1.0352477806025577,0.22035801167243896,1.2930642593244592,-0.07493122523366169,1,0.0,0.0,0.7001153849475754,0.6925
binary,2000,0.6,0.22612758142800238,Oracle,4,1.056801723347538,0.05467250850577751,0.9496436066762141,1.163959840018862,0.21431623334264793,1.2869148730330058,0.05680172334753797,1,0.0,0.0,0.6872416421341961,0.691
binary,2000,0.6,0.23539061798804514,OLS,0,1.2728958567021325,0.06990752609966651,1.1358771055467862,1.4099146078574787,0.27403750231069246,1.0703316053724032,0.27289585670213246,0,0.19295663974307048,1.2603653803737744,0.6957946710526365,0.6905
binary,2000,0.6,0.23908695951983838,OLS,1,1.238805669662114,0.07353254673750603,1.094681878056602,1.3829294612676257,0.2882475832110236,1.0728566368403605,0.23880566966211392,0,0.19638432081549267,1.2917220745731173,0.6940377865791707,0.697
binary,2000,0.6,0.23654554784595166,OLS,2,1.1425128175774106,0.06701797710819601,1.0111575824453465,1.2738680527094748,0.2627104702641283,1.063107784511634,0.14251281757741063,0,0.19134060583449486,1.1314428922421667,0.6834203795026965,0.691
binary,2000,0.6,0.2368911095320265,OLS,3,1.2110601425123035,0.07400803801375497,1.0660043880053438,1.3561158970192633,0.29011150901391947,1.0680750254175937,0.21106014251230354,0,0.19314870051375574,1.2200748144381317,0.6978085197901072,0.7
binary,2000,0.6,0.23195810654344967,OLS,4,1.1790729081866786,0.0723243291396258,1.037317223073012,1.3208285933003452,0.2835113702273331,1.0828193785532945,0.17907290818667865,0,0.1936808667361948,1.1449572460799173,0.6833958451829094,0.6795
binary,2000,0.6,0.23795505833293673,Lasso,0,1.2549096010773968,0.07167271414441287,1.1144310813543477,1.395388120800446,0.2809570394460983,1.0623285404199676,0.2549096010773968,0,0.19039391291155344,1.2078646421223893,0.7015860033056321,0.7145
binary,2000,0.6,0.23462458490263524,Lasso,1,1.300986779505619,0.07203063554644724,1.1598067338345823,1.4421668251766555,0.2823600913420732,1.0611246658347435,0.3009867795056189,0,0.18769370732556762,1.1809066276704634,0.7048972811312058,0.7225
binary,2000,0.6,0.21693786915397398,Lasso,2,1.1195241985940239,0.06800327797108358,0.9862377737707,1.2528106234173477,0.26657284964664774,1.0655208354522512,0.11952419859402386,1,0.1826608451916882,1.1326387883826272,0.6992414545056773,0.6875
binary,2000,0.6,0.23065967799900644,Lasso,3,1.1474549918224666,0.06803944950468653,1.014097670793281,1.2808123128516522,0.26671464205837125,1.0343434314814133,0.14745499182246657,0,0.19467926104609862,1.1780984138251465,0.6918717802826052,0.696
binary,2000,0.6,0.23143004523621458,Lasso,4,1.1783549094554915,0.0698560771147226,1.041436998310635,1.315272820600348,0.2738358222897128,1.057846033039174,0.17835490945549148,0,0.18703534246967904,1.1900150986329692,0.6917972941088725,0.7015
binary,2000,0.6,0.2326158310488276,RF_Tuned,0,1.0891677504175854,0.06326203677958595,0.965174158329597,1.2131613425055738,0.24798718417597687,1.2504601396908497,0.0891677504175854,1,0.11479407624343285,0.727124701524513,0.6979271636038368,0.693
binary,2000,0.6,0.2348671947991001,RF_Tuned,1,1.0237479983275686,0.060820404673128256,0.9045400051682372,1.1429559914868999,0.23841598631866268,1.2012755070041452,0.023747998327568576,1,0.12301690109534287,0.7244270196755787,0.7012240718712293,0.698
binary,2000,0.6,0.2286340753810303,RF_Tuned,2,0.9758638725247629,0.06138108593878877,0.8555569440847369,1.096170800964789,0.2406138568800521,1.248420565263098,-0.02413612747523708,1,0.12098904728759922,0.7603303983514463,0.7077952629381378,0.698
binary,2000,0.6,0.22240671391992775,RF_Tuned,3,0.9343793637268788,0.05951915826153616,0.8177218135342679,1.0510369139194897,0.23331510038522185,1.179838103052343,-0.0656206362731212,1,0.11473748748186796,0.6979097632475515,0.701861846181639,0.6885
binary,2000,0.6,0.2350592481542224,RF_Tuned,4,1.064307548285676,0.06272613234747,0.9413643288846348,1.1872507676867172,0.24588643880208239,1.21796765929113,0.06430754828567609,1,0.11605526690293821,0.7398297860061654,0.7026214420570891,0.7055
binary,5000,0.99,0.1445201027131476,Oracle,0,0.963431115832642,0.0325881571221499,0.8995583278732282,1.0273039037920557,0.12774557591882751,1.154927359513154,-0.03656888416735804,1,0.0,0.0,0.6592289360134268,0.6572
binary,5000,0.99,0.15193397364964695,Oracle,1,0.972580615966232,0.032133547695196094,0.9095988624836476,1.0355623694488163,0.12596350696516867,1.1747217049318919,-0.02741938403376798,1,0.0,0.0,0.6522553713543839,0.6528
binary,5000,0.99,0.14821915133473917,Oracle,2,0.9865055217613642,0.03217097007514345,0.923450420414083,1.0495606231086454,0.1261102026945624,1.1691800234968404,-0.01349447823863581,1,0.0,0.0,0.6621698070750184,0.6538
binary,5000,0.99,0.14757384615025143,Oracle,3,1.0504286918934318,0.03160465786072403,0.9884835624864127,1.1123738213004508,0.12389025881403815,1.1657979645768246,0.0504286918934318,1,0.0,0.0,0.6535983798073647,0.6544
binary,5000,0.99,0.14801382783204356,Oracle,4,1.0008010507637388,0.03233715144013642,0.9374202339410714,1.0641818675864063,0.12676163364533488,1.1764595584906457,0.0008010507637388198,1,0.0,0.0,0.6556687588326047,0.653
binary,5000,0.99,0.14688207741114098,OLS,0,1.1715838564974799,0.04329154480214243,1.0867324286852806,1.256435284309679,0.16970285562439846,1.0390943520749307,0.17158385649747987,0,0.15774578587452376,1.2143892310130515,0.6594358196134393,0.6566
binary,5000,0.99,0.1496377218885377,OLS,1,1.240156803404584,0.04420352461268209,1.153517895163727,1.326795711645441,0.17327781648171392,1.0346837332335934,0.240156803404584,0,0.1603470363901906,1.212495272084276,0.6574658732207379,0.6586
binary,5000,0.99,0.15267676264866467,OLS,2,1.0897107419137455,0.04354019902567046,1.0043719518234313,1.1750495320040597,0.1706775801806284,1.0444390974720068,0.0897107419137455,0,0.16240415616964352,1.1965900011590667,0.6613396854789528,0.6668
binary,5000,0.99,0.14691866062127815,OLS,3,1.197434355668768,0.04371040567062044,1.111761960554352,1.2831067507831841,0.1713447902288321,1.0377113701498815,0.1974343556687681,0,0.15866267703053183,1.2193037378800515,0.6565185228237382,0.653
binary,5000,0.99,0.14477675253519953,OLS,4,1.2076797111050215,0.04383329009271316,1.1217664625233037,1.2935929596867393,0.17182649716343557,1.0305097701496946,0.20767971110502148,0,0.15866639524965254,1.2220278454979683,0.6565582871962001,0.653
binary,5000,0.99,0.1491898203851933,Lasso,0,1.1393549758086658,0.04414680079945266,1.0528272462417387,1.225882705375593,0.17305545913385423,1.0341795296815903,0.13935497580866585,0,0.1581421592299465,1.2142894424918134,0.6585654129058678,0.6684
binary,5000,0.99,0.1452547292839458,Lasso,1,1.1713317150863927,0.04367297568684991,1.0857326827401668,1.2569307474326186,0.1711980646924518,1.0321424593728026,0.17133171508639267,0,0.1586224997425376,1.190379496326367,0.6552640366943884,0.6516
binary,5000,0.99,0.14966084246584258,Lasso,2,1.1755563603782873,0.04312270057248159,1.0910358672562233,1.2600768535003513,0.169040986244128,1.0377202780362083,0.17555636037828726,0,0.1592685117184053,1.1881556923162633,0.6558071067768878,0.6554
binary,5000,0.99,0.15413506637444063,Lasso,3,1.184108275884131,0.045835764697078,1.0942701770778582,1.2739463746904038,0.1796761976125456,1.041020266600347,0.18410827588413103,0,0.16115289758690635,1.2619563084140921,0.6639963154944168,0.675
binary,5000,0.99,0.15042764328554398,Lasso,4,1.2067341826686753,0.0433834705018856,1.1217025804849794,1.2917657848523711,0.17006320436739175,1.0317245853661479,0.20673418266867527,0,0.1600249324799428,1.2203947192001838,0.6584848629838256,0.6614
binary,5000,0.99,0.15004713478570472,RF_Tuned,0,0.8915001740337413,0.03478512134299058,0.8233213362014797,0.9596790118660028,0.13635767566452306,1.1322083772013625,-0.10849982596625873,0,0.08945161064115402,0.5793282229715945,0.6556562367724748,0.6582
binary,5000,0.99,0.14842383905598852,RF_Tuned,1,0.9836451460823292,0.03542018726558363,0.9142215790417854,1.053068713122873,0.13884713408108773,1.1053665701733768,-0.016354853917670775,1,0.0932703439326687,0.5785379462734227,0.6591018486051307,0.6674
binary,5000,0.99,0.1497441373874813,RF_Tuned,2,1.0116076597526016,0.03657399329791597,0.9399226328886863,1.083292686616517,0.14337005372783063,1.1047858970279825,0.011607659752601585,1,0.08936163999070255,0.6370397253643175,0.6619234390238421,0.6672
binary,5000,0.99,0.14555895830880272,RF_Tuned,3,1.0215466960105546,0.03529034343731968,0.952377622873408,1.0907157691477012,0.1383381462742932,1.1201390534669318,0.02154669601055459,1,0.09242463587774422,0.6140960736558204,0.6571787685647719,0.6566
binary,5000,0.99,0.14665732977482576,RF_Tuned,4,1.0032828747686469,0.034666822611470846,0.935335902450164,1.0712298470871298,0.1358939446369658,1.1279395581135883,0.0032828747686468596,1,0.0869715846534656,0.5821622563357626,0.6560703035975195,0.6586
binary,5000,0.95,0.1728903393296954,Oracle,0,1.0110386493823469,0.033600417893366104,0.9451818303113493,1.0768954684533445,0.13171363814199522,1.2297377332874442,0.011038649382346888,1,0.0,0.0,0.6690726903482968,0.669
binary,5000,0.95,0.1677437881132722,Oracle,1,1.0664437655683052,0.03305069129168445,1.0016644106366037,1.1312231205000067,0.129558709863403,1.206929337318539,0.06644376556830522,0,0.0,0.0,0.6659199108231706,0.6674
binary,5000,0.95,0.1740923969682983,Oracle,2,0.9842699219299292,0.03237300164694414,0.9208188387019187,1.0477210051579398,0.12690216645602104,1.2065301908700798,-0.015730078070070763,1,0.0,0.0,0.6680386983118342,0.6652
binary,5000,0.95,0.17540381642111952,Oracle,3,1.0478621121298717,0.033085841070987415,0.9830138636307364,1.112710360629007,0.12969649699827057,1.1974283003000976,0.04786211212987168,1,0.0,0.0,0.6689556901304665,0.6772
binary,5000,0.95,0.16724518513764355,Oracle,4,0.9915181696408224,0.03298613212128098,0.9268653506831117,1.056170988598533,0.12930563791542138,1.1848143432389564,-0.0084818303591776,1,0.0,0.0,0.6686596162658547,0.661
binary,5000,0.95,0.16857596744224262,OLS,0,1.2935759981772719,0.04591689268426656,1.2035788885161094,1.3835731078384343,0.17999421932232496,1.0474841947745275,0.29357599817727187,0,0.16762151618447052,1.2500002193859236,0.6701989495147648,0.6666
binary,5000,0.95,0.16986239253588056,OLS,1,1.1921476881976016,0.04454585002915217,1.1048378221404633,1.27945755425474,0.17461973211427662,1.064999001232039,0.19214768819760164,0,0.16630403729719304,1.1733856425825937,0.6703186307164429,0.6704
binary,5000,0.95,0.1661474640354119,OLS,2,1.2336110397794557,0.04357067129722018,1.148212524036904,1.3190095555220074,0.17079703148510328,1.0357754930381846,0.23361103977945574,0,0.16706911248590808,1.223402337294441,0.66948998455101,0.662
binary,5000,0.95,0.16896120877894383,OLS,3,1.2859832903230475,0.04392396289715341,1.1998923230446268,1.3720742576014682,0.1721819345568414,1.043847739565201,0.2859832903230475,0,0.17002253062206182,1.232506093041658,0.6708051311966273,0.6736
binary,5000,0.95,0.16764392009072188,OLS,4,1.156599476081327,0.04397788948326458,1.0704028126941283,1.2427961394685256,0.17239332677439734,1.0464920462992144,0.15659947608132696,0,0.16507519719331215,1.1936823239224388,0.6649129158120458,0.6636
binary,5000,0.95,0.17068345409290553,Lasso,0,1.1572390091696698,0.04406389654874895,1.070873771934122,1.2436042464052177,0.1727304744710958,1.0371422678884608,0.15723900916966982,0,0.16699989377294847,1.2095241258210723,0.6728331023623827,0.6718
binary,5000,0.95,0.1721270418422861,Lasso,1,1.198145078630328,0.044174561562453724,1.1115629379679188,1.2847272192927373,0.17316428132481843,1.046400466239421,0.19814507863032804,0,0.1681722302768336,1.205888154342054,0.6672674090125065,0.6658
binary,5000,0.95,0.16595806117404024,Lasso,2,1.1519133775700527,0.044098714677630886,1.0654798968018961,1.2383468583382093,0.1728669615363132,1.0388613436355105,0.15191337757005274,0,0.16525098709447011,1.2164773354479612,0.666146333695578,0.675
binary,5000,0.95,0.1651378098882589,Lasso,3,1.2977137094328373,0.04518058815802012,1.2091597566431178,1.3862676622225567,0.1771079055794389,1.0464847436390894,0.29771370943283726,0,0.16250099884832353,1.2615634160576867,0.6679103892574262,0.6674
binary,5000,0.95,0.1645310653028352,Lasso,4,1.2248884051584394,0.043475824112447645,1.139675789898042,1.3101010204188368,0.17042523052079472,1.0379644460038187,0.22488840515843944,0,0.16757942096562728,1.2201466798121723,0.6707608722661087,0.6612
binary,5000,0.95,0.17234379167195157,RF_Tuned,0,0.9991910152776692,0.03457420962490823,0.9314255644128491,1.0669564661424893,0.13553090172964022,1.1404558365325859,-0.0008089847223308189,1,0.09517916884484862,0.5770422648469818,0.66971129643153,0.6664
binary,5000,0.95,0.1675825719278244,RF_Tuned,1,1.009581744515355,0.035127831372938886,0.9407311950243947,1.0784322940063151,0.1377010989819204,1.1327810505799796,0.009581744515354984,1,0.0955684980416146,0.5417080357429217,0.663155712782317,0.6532
binary,5000,0.95,0.16913606624512875,RF_Tuned,2,1.011429091731739,0.03511868257417374,0.9425964738863585,1.0802617095771194,0.13766523569076095,1.1519487454075512,0.011429091731739005,1,0.0957658907558914,0.534178681415551,0.6699195936494683,0.6768
binary,5000,0.95,0.17071077608024127,RF_Tuned,3,1.0316212237523443,0.03580246451627,0.9614483933004552,1.1017940542042335,0.1403456609037783,1.1403638001168868,0.03162122375234433,1,0.09227066356970368,0.5459138870067342,0.6632938475857416,0.6642
binary,5000,0.95,0.170204965617793,RF_Tuned,4,0.9874158738694562,0.03499528787848309,0.9188251096276293,1.056006638111283,0.13718152848365361,1.1111691568668092,-0.012584126130543827,1,0.0978846136486479,0.5265171403318638,0.6693817610899934,0.6752
binary,5000,0.9,0.18045398912826144,Oracle,0,0.9915364143523481,0.03229560336158612,0.9282370317636393,1.054835796941057,0.12659876517741764,1.2100591415580972,-0.008463585647651928,1,0.0,0.0,0.675414462826302,0.661
binary,5000,0.9,0.18024358128613413,Oracle,1,0.9652925003346409,0.03252023387545742,0.9015528419387443,1.0290321587305373,0.12747931679179303,1.204936340544638,-0.03470749966535913,1,0.0,0.0,0.6747921863877431,0.6734
binary,5000,0.9,0.1881428128045241,Oracle,2,1.0120522559379836,0.033184112980530776,0.9470113944961434,1.077093117379824,0.13008172288368058,1.2098863223222156,0.012052255937983647,1,0.0,0.0,0.6756106353064854,0.681
binary,5000,0.9,0.18704551955377105,Oracle,3,1.0167511102276459,0.03322224599655025,0.9516355080744073,1.0818667123808843,0.13023120430647694,1.251667107929117,0.01675111022764586,1,0.0,0.0,0.6735733529233882,0.6738
binary,5000,0.9,0.18522938481913157,Oracle,4,0.9379143551476594,0.03424100402926903,0.8708019872502921,1.0050267230450267,0.1342247357947346,1.2327040073178508,-0.06208564485234058,1,0.0,0.0,0.6815374743779415,0.6782
binary,5000,0.9,0.18037455032568328,OLS,0,1.1656189770402328,0.0446783777788818,1.0780493565936244,1.253188597486841,0.17513924089321664,1.059386105813802,0.16561897704023276,0,0.17387109745232868,1.2133497876338304,0.6709758280602701,0.6632
binary,5000,0.9,0.18814464314613827,OLS,1,1.263005160310231,0.04504939320363477,1.1747083496311068,1.3513019709893552,0.1765936213582484,1.0442601170800607,0.263005160310231,0,0.17265896437581113,1.2493916718900804,0.6774021069379753,0.6824
binary,5000,0.9,0.1913136376635642,OLS,2,1.129802655425543,0.044325286844046484,1.0429250932112117,1.216680217639874,0.17375512442866237,1.048594463785935,0.12980265542554292,0,0.1761504822280884,1.2185708853972506,0.6734931767956628,0.6862
binary,5000,0.9,0.1849981427296871,OLS,3,1.1370512815291565,0.04562661643689169,1.0476231133128489,1.226479449745464,0.17885633643261523,1.0498596960294913,0.13705128152915647,0,0.17524006468518064,1.2287584467328185,0.6802401033942815,0.687
binary,5000,0.9,0.18324754424052506,OLS,4,1.1911478030228357,0.04446960603624626,1.103987375191793,1.2783082308538785,0.17432085566208544,1.0486750974701762,0.19114780302283574,0,0.17296182760672543,1.2544077188546365,0.6742073948311985,0.6706
binary,5000,0.9,0.1838245263684536,Lasso,0,1.2140831415829014,0.04517663383109264,1.1255369392739598,1.302629343891843,0.17709240461788323,1.0518390391857873,0.21408314158290143,0,0.1735420351111511,1.2027961919519405,0.6790935105021144,0.6722
binary,5000,0.9,0.18588404695824623,Lasso,1,1.224560035516642,0.04368554179982162,1.1389363735889915,1.3101836974442924,0.17124732385530095,1.051972893000663,0.22456003551664194,0,0.17328086428722153,1.2465020075296045,0.6795652660423959,0.6818
binary,5000,0.9,0.18441294904582756,Lasso,2,1.2305201757978297,0.04359397897867978,1.1450759769996173,1.315964374596042,0.17088839759642482,1.0492369647394562,0.23052017579782969,0,0.17491030134152033,1.2252873092502414,0.6696954732725592,0.6608
binary,5000,0.9,0.1819189034001435,Lasso,3,1.2581756004373486,0.044575811188597644,1.170807010507697,1.345544190367,0.17473717985930293,1.04536881592293,0.25817560043734855,0,0.1727277658896436,1.2037915136674067,0.6753196519694667,0.674
binary,5000,0.9,0.18467531592039868,Lasso,4,1.2042899601469643,0.04322368132857463,1.119571544742958,1.2890083755509707,0.16943683080801275,1.0488784555570554,0.20428996014696432,0,0.1738301109706573,1.2110581284095367,0.6793495996648931,0.6778
binary,5000,0.9,0.18031974790736763,RF_Tuned,0,0.9958786375617299,0.03731601968948779,0.9227392389703338,1.069018036153126,0.14627879718279224,1.1794674442650133,-0.004121362438270104,1,0.09110768217493688,0.6139458980229571,0.6761028518911995,0.6826
binary,5000,0.9,0.18691098852891286,RF_Tuned,1,1.0128552587434565,0.0352052110704669,0.9438530450453414,1.0818574724415717,0.1380044273962303,1.1572954532604005,0.012855258743456499,1,0.09701240986100948,0.5802380904936596,0.6734269807724687,0.6738
binary,5000,0.9,0.1864997919893798,RF_Tuned,2,1.0174022903264357,0.03561151980960072,0.9476037114996183,1.087200869153253,0.13959715765363478,1.1817705992423082,0.0174022903264357,1,0.09803405763692218,0.5970791815539195,0.6752262263245465,0.6692
binary,5000,0.9,0.182181600206511,RF_Tuned,3,0.9514160706358222,0.03606067163217966,0.8807371542367501,1.0220949870348943,0.14135783279814418,1.1487072419690376,-0.04858392936417777,1,0.09557531262986362,0.6071661072137257,0.67581211375488,0.676
binary,5000,0.9,0.18619235328057868,RF_Tuned,4,1.0044530207415034,0.0367231150141492,0.932475715313771,1.0764303261692358,0.1439546108554648,1.1628004164593904,0.004453020741503444,1,0.09237559794349588,0.5925732101991249,0.6737614113432772,0.678
binary,5000,0.8,0.2039147445505253,Oracle,0,1.0142623946602518,0.034295211306706784,0.9470437804991065,1.081481008821397,0.13443722832229055,1.2183161258042317,0.01426239466025181,1,0.0,0.0,0.6890188973587948,0.6944
binary,5000,0.8,0.2032147160246945,Oracle,1,1.0123146832464591,0.035509463769142005,0.9427161342589407,1.0819132322339775,0.13919709797503677,1.2763517607722474,0.012314683246459124,1,0.0,0.0,0.6852929644732727,0.6818
binary,5000,0.8,0.20692030323012173,Oracle,2,0.9657672734337897,0.03355369209019464,0.9000020369370082,1.0315325099305712,0.13153047299356302,1.2660621410272948,-0.03423272656621035,1,0.0,0.0,0.6799707192158734,0.6756
binary,5000,0.8,0.19955611473656412,Oracle,3,0.9678106535281108,0.034832599178578026,0.8995387591380979,1.0360825479181237,0.13654378878002582,1.2449702290007487,-0.0321893464718892,1,0.0,0.0,0.686134421201666,0.6784
binary,5000,0.8,0.20525830872934872,Oracle,4,1.0323414149209582,0.03480450119868283,0.9641245925715398,1.1005582372703766,0.1364336446988368,1.2516578018592324,0.03234141492095821,1,0.0,0.0,0.6811044097306443,0.678
binary,5000,0.8,0.20151906170373557,OLS,0,1.18604025217417,0.04419993182408429,1.0994083857989647,1.2726721185493752,0.17326373275041052,1.0489660184231342,0.18604025217416997,0,0.1810205082939371,1.2280429345918589,0.6791780754679939,0.6724
binary,5000,0.8,0.20758574927921025,OLS,1,1.2261545706810801,0.04413588370615388,1.1396482386170186,1.3126609027451417,0.1730126641281231,1.0632715684794196,0.22615457068108014,0,0.17919990590333018,1.219001527945546,0.684752818523285,0.6912
binary,5000,0.8,0.20681697259028262,OLS,2,1.1668480660796163,0.04493469346430322,1.078776066889582,1.2549200652696506,0.17614399838006856,1.0481023522813528,0.16684806607961633,0,0.17993602841074774,1.2502304366685464,0.6864278588958664,0.6952
binary,5000,0.8,0.21067758530444147,OLS,3,1.202384959127041,0.046393260549743076,1.1114541684495447,1.2933157498045373,0.18186158135499264,1.054428275268895,0.20238495912704102,0,0.18212013485754952,1.2671703869713276,0.6888854978625489,0.6926
binary,5000,0.8,0.20293724626950746,OLS,4,1.2194807804089534,0.045729387434659326,1.129851181037021,1.3091103797808856,0.17925919874386453,1.0553308825738577,0.21948078040895336,0,0.1775045173108011,1.2533391162366958,0.6831033938065384,0.688
binary,5000,0.8,0.20643380306535813,Lasso,0,1.2571833962187922,0.04590596298027988,1.1672077087774435,1.3471590836601408,0.1799513748826973,1.0628797465027442,0.25718339621879216,0,0.1830418240920102,1.2180710463920792,0.6866995378172949,0.683
binary,5000,0.8,0.2072307060171215,Lasso,1,1.2775407978229125,0.044684768984770334,1.1899586506127626,1.3651229450330624,0.1751642944202998,1.0502020497232476,0.2775407978229125,0,0.1812014671338778,1.2474021260115842,0.6862174508182213,0.6858
binary,5000,0.8,0.21119886240228006,Lasso,2,1.17854655712405,0.0443305494863742,1.0916586801307566,1.2654344341173436,0.17377575398658696,1.0617649931988595,0.1785465571240501,0,0.18195622117084995,1.192113108544192,0.684603566799921,0.6762
binary,5000,0.8,0.2021494673184318,Lasso,3,1.2135295141717386,0.043835676732711396,1.1276115877756243,1.2994474405678529,0.17183585279222857,1.0719079321533604,0.2135295141717386,0,0.17844218978168006,1.1861960222991428,0.6829006460392774,0.6742
binary,5000,0.8,0.20685070648829296,Lasso,4,1.2139468788341616,0.044123010658278186,1.1274657779439363,1.300427979724387,0.17296220178045063,1.055519137569928,0.21394687883416164,0,0.17960345751475243,1.1668451400054887,0.6827240052474833,0.6932
binary,5000,0.8,0.20509019703618064,RF_Tuned,0,0.971729521455026,0.03655018072924384,0.900091167225708,1.0433678756843439,0.14327670845863583,1.1938750119519526,-0.028270478544973998,1,0.09812593959798795,0.5502021331267324,0.6832046848095695,0.6776
binary,5000,0.8,0.20676388291897715,RF_Tuned,1,0.9810081871323622,0.03745158553893366,0.9076030794760522,1.0544132947886722,0.14681021531261995,1.192534326112781,-0.018991812867637847,1,0.09905856610854112,0.5955091626198723,0.6930982656261223,0.6908
binary,5000,0.8,0.20287296677761146,RF_Tuned,2,0.9717334017060437,0.03678829824406152,0.8996283371476832,1.0438384662644042,0.14421012911672104,1.1854838458895451,-0.02826659829395628,1,0.10164783607721117,0.5846485113431935,0.6772015577232949,0.674
binary,5000,0.8,0.20087827050642237,RF_Tuned,3,0.9304236589586224,0.03640683782728399,0.8590662568171459,1.001781061100099,0.14271480428295313,1.1851151493131387,-0.06957634104137755,1,0.10212813708172008,0.6082169684806312,0.6860781316705137,0.677
binary,5000,0.8,0.2023619418110865,RF_Tuned,4,1.0393374386417369,0.03673986318252003,0.9673273068039976,1.1113475704794762,0.1440202636754786,1.1911693097876612,0.03933743864173689,1,0.09662823350038752,0.6378703480536899,0.6858092814109267,0.6928
binary,5000,0.7,0.21913263781225176,Oracle,0,1.0184269340718737,0.035487294580122335,0.9488718366948339,1.0879820314489135,0.1391101947540796,1.314324639113117,0.01842693407187368,1,0.0,0.0,0.6888706004589285,0.6804
binary,5000,0.7,0.21339339604248178,Oracle,1,0.956375130319973,0.03460187182759069,0.8885554615378952,1.0241947991020508,0.13563933756415558,1.2951335579228298,-0.04362486968002699,1,0.0,0.0,0.6912721851869285,0.6804
binary,5000,0.7,0.22267328571467385,Oracle,2,1.0426349317458214,0.03396544384597593,0.9760626618077086,1.1092072016839343,0.13314453987622565,1.3120693301615594,0.04263493174582145,1,0.0,0.0,0.6942883982819361,0.6908
binary,5000,0.7,0.2276219235744011,Oracle,3,0.9640811509930698,0.03561931726216558,0.8942672891592253,1.0338950128269144,0.13962772366768916,1.2863872183074598,-0.03591884900693021,1,0.0,0.0,0.6930535052377094,0.6916
binary,5000,0.7,0.22149560560978282,Oracle,4,1.0482516849719674,0.034766568259361016,0.9801092111836198,1.116394158760315,0.13628494757669518,1.2747480008201386,0.04825168497196741,1,0.0,0.0,0.6902880613070101,0.6852
binary,5000,0.7,0.21467311512490536,OLS,0,1.2062014972253539,0.04468528738429681,1.118618333952132,1.2937846604985757,0.1751663265464436,1.0626011227052008,0.20620149722535386,0,0.18241540492207917,1.1942726889255282,0.6970091836265954,0.691
binary,5000,0.7,0.22202466969662613,OLS,1,1.2226283369382314,0.04412413771028298,1.1361450270260767,1.309111646850386,0.1729666198243094,1.0497514270085548,0.22262833693823136,0,0.18609174566038267,1.236732264604625,0.6949237944918408,0.695
binary,5000,0.7,0.22333632009699084,OLS,2,1.2769845600137677,0.043975184302395526,1.1907931987810725,1.363175921246463,0.17238272246539044,1.05818931345434,0.2769845600137677,0,0.18480349125435266,1.1977613157241058,0.6974844365928391,0.7008
binary,5000,0.7,0.2196712843837406,OLS,3,1.1832443784978823,0.04433763301902504,1.0963426177805933,1.2701461392151714,0.1738035214345781,1.0540653261065787,0.18324437849788233,0,0.18575230166189985,1.205401957627866,0.68913836799651,0.694
binary,5000,0.7,0.21511890230061706,OLS,4,1.1968484291127344,0.043889868850986405,1.110824286164801,1.2828725720606677,0.17204828589586674,1.0572612388234939,0.19684842911273437,0,0.18195993432638044,1.1627132325916607,0.6897925112508885,0.7002
binary,5000,0.7,0.2227903503203058,Lasso,0,1.2612680125018483,0.04469562048348654,1.1736645963542147,1.3488714286494818,0.17520683229526712,1.061572024759785,0.2612680125018483,0,0.1846766475086108,1.206547755053232,0.6990086441739503,0.7052
binary,5000,0.7,0.21917372091870976,Lasso,1,1.2077249129859473,0.04507599965516076,1.1193759536618322,1.2960738723100624,0.17669791864823026,1.0690222591340306,0.2077249129859473,0,0.18568405131807492,1.188538096533543,0.6900518650624868,0.687
binary,5000,0.7,0.22376491696020182,Lasso,2,1.180376614700572,0.04587785365611009,1.0904560215345964,1.2702972078665478,0.17984118633195134,1.0590996864511135,0.1803766147005721,0,0.18611391266786748,1.2463524154793066,0.6909088956817512,0.6922
binary,5000,0.7,0.211711857528739,Lasso,3,1.2136859639585011,0.04454975303028624,1.12636844801914,1.3010034798978622,0.1746350318787222,1.0613494402493109,0.21368596395850115,0,0.18235481537721007,1.2001764784901698,0.689059033742453,0.6812
binary,5000,0.7,0.21945486620389154,Lasso,4,1.2321061656254844,0.04443898233726383,1.1450057602444472,1.3192065710065215,0.17420081076207428,1.0695823799044923,0.23210616562548436,0,0.18592735640262428,1.2194915134207798,0.6878596879355577,0.6842
binary,5000,0.7,0.227692070179532,RF_Tuned,0,1.0369815202506583,0.03823163861335855,0.9620475085684755,1.111915531932841,0.14986802336436555,1.2279497557017474,0.03698152025065826,1,0.10316733271470091,0.6139250793755263,0.688029166918359,0.6982
binary,5000,0.7,0.22079533062860304,RF_Tuned,1,1.0177108541146138,0.03685952109443779,0.9454661927695157,1.0899555154597118,0.1444893226901961,1.204068060144236,0.017710854114613817,1,0.10362453055305905,0.6079003684719663,0.6954151737861024,0.6922
binary,5000,0.7,0.22431006946645973,RF_Tuned,2,0.9612991788858494,0.03733390206623457,0.8881247308360296,1.0344736269356691,0.14634889609963952,1.2072500400115633,-0.03870082111415063,1,0.10109198485940167,0.6315628458746068,0.6994316281869843,0.7052
binary,5000,0.7,0.2187546282311913,RF_Tuned,3,0.999701089643501,0.03646877421312887,0.9282222921857685,1.0711798871012337,0.14295759491546522,1.219559474834758,-0.00029891035649898257,1,0.10276619846784273,0.5872096244711957,0.6918343179865964,0.685
binary,5000,0.7,0.21921610890939033,RF_Tuned,4,0.9838268064586396,0.03626313421683538,0.9127510633936423,1.054902549523637,0.14215148612999473,1.1948161666607169,-0.016173193541360376,1,0.10060213061568658,0.5944489373864159,0.6966274914736773,0.7006
binary,5000,0.6,0.23950421852700748,Oracle,0,0.9549899662613651,0.03506020935673842,0.8862719559221578,1.0237079766005723,0.13743602067841454,1.2947548068068326,-0.04501003373863488,1,0.0,0.0,0.6963438545560797,0.6978
binary,5000,0.6,0.2367343577483126,Oracle,1,1.015956003392294,0.03441237798069308,0.9485077425501356,1.0834042642344526,0.13489652168431698,1.3123976785541127,0.015956003392294082,1,0.0,0.0,0.6902874817596679,0.6962
binary,5000,0.6,0.23499585846535195,Oracle,2,1.0324777537463434,0.034740113804606135,0.9643871306893154,1.1005683768033714,0.13618124611405602,1.3424521678909955,0.03247775374634343,1,0.0,0.0,0.6958186410139986,0.6932
binary,5000,0.6,0.23705963338136263,Oracle,3,1.035118557870207,0.03503164618859914,0.9664565313405525,1.1037805843998612,0.13732405305930862,1.324732155875482,0.0351185578702069,1,0.0,0.0,0.6956039119729726,0.6934
binary,5000,0.6,0.22569807835592842,Oracle,4,0.9876850475802146,0.03500359640441055,0.9190779986275699,1.0562920965328593,0.13721409790528938,1.2997024375024602,-0.012314952419785419,1,0.0,0.0,0.6912267917886046,0.686
binary,5000,0.6,0.22570760970970397,OLS,0,1.1942006560002878,0.04377941929198921,1.1083929941879889,1.2800083178125867,0.17161532362459786,1.0628841612624733,0.1942006560002878,0,0.1860340334706189,1.1940039324221263,0.6957231859126366,0.6952
binary,5000,0.6,0.22795959963088516,OLS,1,1.2336498419574295,0.04431378691194292,1.1467948196100215,1.3205048643048376,0.1737100446948161,1.066782607666985,0.23364984195742955,0,0.1912337444039093,1.2060495999637928,0.6936078919587296,0.6812
binary,5000,0.6,0.23156648759828918,OLS,2,1.0902176000670902,0.044553685953580065,1.0028923755980732,1.1775428245361073,0.17465044893803405,1.0722664862203657,0.09021760006709023,0,0.18772802559015728,1.1588375907271418,0.6986174913333555,0.6998
binary,5000,0.6,0.23261292763773708,OLS,3,1.2054248167495603,0.04509128508959123,1.1170458979739615,1.293803735525159,0.17675783755119756,1.0643830027804717,0.20542481674956026,0,0.1879575244047422,1.2480923813054636,0.6996922898103223,0.7012
binary,5000,0.6,0.23746979597350779,OLS,4,1.180203443828435,0.04414082669431747,1.0936874235075729,1.2667194641492971,0.17303204064172428,1.075869950619001,0.180203443828435,0,0.19059928966469056,1.1788726262324971,0.694985584818002,0.6862
binary,5000,0.6,0.23256232433197657,Lasso,0,1.1493175290933355,0.044748972633084215,1.0616095427324905,1.2370255154541805,0.17541597272168996,1.0695317583658681,0.1493175290933355,0,0.18840864759292744,1.2175409648937137,0.6991418973897455,0.6968
binary,5000,0.6,0.23056496265501983,Lasso,1,1.1980875424593946,0.04487956650083115,1.1101235921177657,1.2860514928010236,0.17592790068325792,1.0746000614890567,0.19808754245939464,0,0.18836820279501804,1.2307530518787455,0.6981372779746254,0.6946
binary,5000,0.6,0.24009320879161375,Lasso,2,1.205385196939079,0.04459781696010361,1.117973475697276,1.292796918180882,0.17482344248360615,1.0934484036631953,0.20538519693907897,0,0.1876105626965934,1.167799809752424,0.6886474253184182,0.694
binary,5000,0.6,0.2353689619659005,Lasso,3,1.2008078701917866,0.04548626582024483,1.1116547891841067,1.2899609511994665,0.17830616201535987,1.0649658436764884,0.20080787019178659,0,0.18914541983377012,1.246124251880698,0.6999187492152852,0.7012
binary,5000,0.6,0.24407281763947988,Lasso,4,1.1969179311838187,0.04642251040960609,1.1059298107809907,1.2879060515866467,0.181976240805656,1.0812683511077725,0.19691793118381873,0,0.18933132231068747,1.2072009162930104,0.7005076287128222,0.713
binary,5000,0.6,0.22971378021038633,RF_Tuned,0,1.0174776064556663,0.03743068071735481,0.9441134722496509,1.0908417406616817,0.1467282684120308,1.2035860847328792,0.017477606455666317,1,0.10752861174748303,0.5949359956920548,0.6960615770883211,0.699
binary,5000,0.6,0.2269463732543542,RF_Tuned,1,0.9895649719786834,0.03699874178815451,0.9170474380739005,1.0620825058834662,0.14503506780956565,1.2068110118015472,-0.010435028021316572,1,0.10513772606541909,0.6176917798924488,0.6958687105978117,0.6904
binary,5000,0.6,0.240798309447572,RF_Tuned,2,0.9926382544027135,0.038067390609537365,0.9180261688080202,1.0672503399974067,0.14922417118938647,1.2389155873810365,-0.007361745597286529,1,0.10199708406206498,0.6074498246678278,0.7008298928069168,0.7022
binary,5000,0.6,0.23250326271070298,RF_Tuned,3,0.9269448126810901,0.037048937224522904,0.8543288957210252,0.9995607296411549,0.14523183392012973,1.2298744890617987,-0.07305518731890992,0,0.10393090500157595,0.6037713151190705,0.6981307834875617,0.7102
binary,5000,0.6,0.23953937935892727,RF_Tuned,4,0.9866433476450617,0.03698903577112765,0.9141448375336515,1.059141857756472,0.14499702022282046,1.2391727919080793,-0.013356652354938325,1,0.10553009533651976,0.598454907266741,0.6947666551619348,0.6998
